Country ID,Country Code,Country Name,Region ID,Region Name,Income Group ID,Income Group Name,Income Group Acronym,Managing Agency ID,Managing Agency Acronym,Managing Agency Name,Managing Sub-agency or Bureau ID,Managing Sub-agency or Bureau Acronym,Managing Sub-agency or Bureau Name,Implementing Partner Category ID,Implementing Partner Category Name,Implementing Partner Sub-category ID,Implementing Partner Sub-category Name,Implementing Partner ID,Implementing Partner Name,International Category ID,International Category Name,International Sector Code,International Sector Name,International Purpose Code,International Purpose Name,US Category ID,US Category Name,US Sector ID,US Sector Name,Funding Account ID,Funding Account Name,Funding Agency ID,Funding Agency Name,Funding Agency Acronym,Foreign Assistance Objective ID,Foreign Assistance Objective Name,Aid Type Group ID,Aid Type Group Name,Activity ID,Submission ID,Activity Name,Activity Description,Activity Project Number,Activity Start Date,Activity End Date,Transaction Type ID,Transaction Type Name,Fiscal Year,Transaction Date,Current Dollar Amount,Constant Dollar Amount,aid_type_id,aid_type_name,activity_budget_amount,submission_activity_id
724,ESP,Spain,2,Europe and Eurasia,4,High Income Country,HIC,1,USAID,U.S. Agency for International Development,999,NULL,not applicable,1,Government,1,Government - United States,1999999,U.S. Government - Other,7,Other,430,Other Multisector,43010,Multisector aid,5,Economic Development,25,Macroeconomic Foundation for Growth,12x2278,Public Law 480 Title II Grants,5,Department of Agriculture,AGR,1,Economic,3,Project-Type,73,1,Title II Development Programs,Title II Development Programs,NULL,NULL,NULL,2,Obligations,1952,,100000,973939,8,Project-type interventions - not Investment Related,,73
724,ESP,Spain,2,Europe and Eurasia,4,High Income Country,HIC,1,USAID,U.S. Agency for International Development,999,NULL,not applicable,1,Government,1,Government - United States,1999999,U.S. Government - Other,7,Other,430,Other Multisector,43010,Multisector aid,5,Economic Development,25,Macroeconomic Foundation for Growth,12x2278,Public Law 480 Title II Grants,5,Department of Agriculture,AGR,1,Economic,3,Project-Type,73,1,Title II Development Programs,Title II Development Programs,NULL,NULL,NULL,2,Obligations,1955,,19200000,180171679,8,Project-type interventions - not Investment Related,,73
724,ESP,Spain,2,Europe and Eurasia,4,High Income Country,HIC,1,USAID,U.S. Agency for International Development,999,NULL,not applicable,1,Government,1,Government - United States,1999999,U.S. Government - Other,7,Other,430,Other Multisector,43010,Multisector aid,5,Economic Development,25,Macroeconomic Foundation for Growth,12x2278,Public Law 480 Title II Grants,5,Department of Agriculture,AGR,1,Economic,3,Project-Type,73,1,Title II Development Programs,Title II Development Programs,NULL,NULL,NULL,2,Obligations,1956,,33800000,309276014,8,Project-type interventions - not Investment Related,,73
724,ESP,Spain,2,Europe and Eurasia,4,High Income Country,HIC,1,USAID,U.S. Agency for International Development,999,NULL,not applicable,1,Government,1,Government - United States,1999999,U.S. Government - Other,7,Other,430,Other Multisector,43010,Multisector aid,5,Economic Development,25,Macroeconomic Foundation for Growth,12x2278,Public Law 480 Title II Grants,5,Department of Agriculture,AGR,1,Economic,3,Project-Type,73,1,Title II Development Programs,Title II Development Programs,NULL,NULL,NULL,2,Obligations,1957,,17800000,156952538,8,Project-type interventions - not Investment Related,,73
724,ESP,Spain,2,Europe and Eurasia,4,High Income Country,HIC,1,USAID,U.S. Agency for International Development,999,NULL,not applicable,1,Government,1,Government - United States,1999999,U.S. Government - Other,7,Other,430,Other Multisector,43010,Multisector aid,5,Economic Development,25,Macroeconomic Foundation for Growth,12x2278,Public Law 480 Title II Grants,5,Department of Agriculture,AGR,1,Economic,3,Project-Type,73,1,Title II Development Programs,Title II Development Programs,NULL,NULL,NULL,2,Obligations,1958,,38900000,332954993,8,Project-type interventions - not Investment Related,,73
724,ESP,Spain,2,Europe and Eurasia,4,High Income Country,HIC,1,USAID,U.S. Agency for International Development,999,NULL,not applicable,1,Government,1,Government - United States,1999999,U.S. Government - Other,7,Other,430,Other Multisector,43010,Multisector aid,5,Economic Development,25,Macroeconomic Foundation for Growth,12x2278,Public Law 480 Title II Grants,5,Department of Agriculture,AGR,1,Economic,3,Project-Type,73,1,Title II Development Programs,Title II Development Programs,NULL,NULL,NULL,2,Obligations,1959,,11900000,100318951,8,Project-type interventions - not Investment Related,,73
724,ESP,Spain,2,Europe and Eurasia,4,High Income Country,HIC,1,USAID,U.S. Agency for International Development,999,NULL,not applicable,1,Government,1,Government - United States,1999999,U.S. Government - Other,7,Other,430,Other Multisector,43010,Multisector aid,5,Economic Development,25,Macroeconomic Foundation for Growth,12x2278,Public Law 480 Title II Grants,5,Department of Agriculture,AGR,1,Economic,3,Project-Type,73,1,Title II Development Programs,Title II Development Programs,NULL,NULL,NULL,2,Obligations,1960,,10100000,83988098,8,Project-type interventions - not Investment Related,,73
724,ESP,Spain,2,Europe and Eurasia,4,High Income Country,HIC,1,USAID,U.S. Agency for International Development,999,NULL,not applicable,1,Government,1,Government - United States,1999999,U.S. Government - Other,7,Other,430,Other Multisector,43010,Multisector aid,5,Economic Development,25,Macroeconomic Foundation for Growth,12x2278,Public Law 480 Title II Grants,5,Department of Agriculture,AGR,1,Economic,3,Project-Type,73,1,Title II Development Programs,Title II Development Programs,NULL,NULL,NULL,2,Obligations,1961,,7800000,63992853,8,Project-type interventions - not Investment Related,,73
724,ESP,Spain,2,Europe and Eurasia,4,High Income Country,HIC,1,USAID,U.S. Agency for International Development,999,NULL,not applicable,1,Government,1,Government - United States,1999999,U.S. Government - Other,7,Other,430,Other Multisector,43010,Multisector aid,5,Economic Development,25,Macroeconomic Foundation for Growth,12x2278,Public Law 480 Title II Grants,5,Department of Agriculture,AGR,1,Economic,3,Project-Type,73,1,Title II Development Programs,Title II Development Programs,NULL,NULL,NULL,2,Obligations,1962,,10800000,87709918,8,Project-type interventions - not Investment Related,,73
724,ESP,Spain,2,Europe and Eurasia,4,High Income Country,HIC,1,USAID,U.S. Agency for International Development,999,NULL,not applicable,1,Government,1,Government - United States,1999999,U.S. Government - Other,7,Other,430,Other Multisector,43010,Multisector aid,5,Economic Development,25,Macroeconomic Foundation for Growth,12x2278,Public Law 480 Title II Grants,5,Department of Agriculture,AGR,1,Economic,3,Project-Type,73,1,Title II Development Programs,Title II Development Programs,NULL,NULL,NULL,2,Obligations,1963,,9500000,76237203,8,Project-type interventions - not Investment Related,,73
724,ESP,Spain,2,Europe and Eurasia,4,High Income Country,HIC,1,USAID,U.S. Agency for International Development,999,NULL,not applicable,1,Government,1,Government - United States,1999999,U.S. Government - Other,7,Other,430,Other Multisector,43010,Multisector aid,5,Economic Development,25,Macroeconomic Foundation for Growth,12x2278,Public Law 480 Title II Grants,5,Department of Agriculture,AGR,1,Economic,3,Project-Type,73,1,Title II Development Programs,Title II Development Programs,NULL,NULL,NULL,2,Obligations,1964,,6900000,54723257,8,Project-type interventions - not Investment Related,,73
724,ESP,Spain,2,Europe and Eurasia,4,High Income Country,HIC,1,USAID,U.S. Agency for International Development,999,NULL,not applicable,1,Government,1,Government - United States,1999999,U.S. Government - Other,7,Other,430,Other Multisector,43010,Multisector aid,5,Economic Development,25,Macroeconomic Foundation for Growth,12x2278,Public Law 480 Title II Grants,5,Department of Agriculture,AGR,1,Economic,3,Project-Type,73,1,Title II Development Programs,Title II Development Programs,NULL,NULL,NULL,2,Obligations,1965,,6600000,51455185,8,Project-type interventions - not Investment Related,,73
724,ESP,Spain,2,Europe and Eurasia,4,High Income Country,HIC,1,USAID,U.S. Agency for International Development,999,NULL,not applicable,1,Government,1,Government - United States,1999999,U.S. Government - Other,7,Other,430,Other Multisector,43010,Multisector aid,5,Economic Development,25,Macroeconomic Foundation for Growth,12x2278,Public Law 480 Title II Grants,5,Department of Agriculture,AGR,1,Economic,3,Project-Type,73,1,Title II Development Programs,Title II Development Programs,NULL,NULL,NULL,2,Obligations,1966,,7600000,57985519,8,Project-type interventions - not Investment Related,,73
724,ESP,Spain,2,Europe and Eurasia,4,High Income Country,HIC,1,USAID,U.S. Agency for International Development,999,NULL,not applicable,1,Government,1,Government - United States,1999999,U.S. Government - Other,7,Other,430,Other Multisector,43010,Multisector aid,5,Economic Development,25,Macroeconomic Foundation for Growth,12x2278,Public Law 480 Title II Grants,5,Department of Agriculture,AGR,1,Economic,3,Project-Type,73,1,Title II Development Programs,Title II Development Programs,NULL,NULL,NULL,2,Obligations,1967,,3200000,23697696,8,Project-type interventions - not Investment Related,,73
724,ESP,Spain,2,Europe and Eurasia,4,High Income Country,HIC,1,USAID,U.S. Agency for International Development,999,NULL,not applicable,1,Government,1,Government - United States,1999999,U.S. Government - Other,7,Other,430,Other Multisector,43010,Multisector aid,5,Economic Development,25,Macroeconomic Foundation for Growth,12x2278,Public Law 480 Title II Grants,5,Department of Agriculture,AGR,1,Economic,3,Project-Type,73,1,Title II Development Programs,Title II Development Programs,NULL,NULL,NULL,2,Obligations,1968,,2600000,18600779,8,Project-type interventions - not Investment Related,,73
724,ESP,Spain,2,Europe and Eurasia,4,High Income Country,HIC,1,USAID,U.S. Agency for International Development,999,NULL,not applicable,1,Government,1,Government - United States,1999999,U.S. Government - Other,7,Other,430,Other Multisector,43010,Multisector aid,5,Economic Development,25,Macroeconomic Foundation for Growth,12x2278,Public Law 480 Title II Grants,5,Department of Agriculture,AGR,1,Economic,3,Project-Type,74,1,Title II Emergency Programs,Title II Emergency Programs,NULL,NULL,NULL,2,Obligations,1957,,2100000,18516872,8,Project-type interventions - not Investment Related,,74
724,ESP,Spain,2,Europe and Eurasia,4,High Income Country,HIC,1,USAID,U.S. Agency for International Development,999,NULL,not applicable,1,Government,1,Government - United States,1999999,U.S. Government - Other,7,Other,430,Other Multisector,43010,Multisector aid,5,Economic Development,25,Macroeconomic Foundation for Growth,12x2278,Public Law 480 Title II Grants,5,Department of Agriculture,AGR,1,Economic,3,Project-Type,74,1,Title II Emergency Programs,Title II Emergency Programs,NULL,NULL,NULL,2,Obligations,1959,,1700000,14331279,8,Project-type interventions - not Investment Related,,74
724,ESP,Spain,2,Europe and Eurasia,4,High Income Country,HIC,1,USAID,U.S. Agency for International Development,999,NULL,not applicable,1,Government,1,Government - United States,1999999,U.S. Government - Other,7,Other,430,Other Multisector,43010,Multisector aid,5,Economic Development,25,Macroeconomic Foundation for Growth,72x1037,Economic Support Fund,1,U.S. Agency for International Development,USAID,1,Economic,3,Project-Type,26,1,ESF,ESF,NULL,NULL,NULL,2,Obligations,1954,,84600000,799718824,8,Project-type interventions - not Investment Related,,26
724,ESP,Spain,2,Europe and Eurasia,4,High Income Country,HIC,1,USAID,U.S. Agency for International Development,999,NULL,not applicable,1,Government,1,Government - United States,1999999,U.S. Government - Other,7,Other,430,Other Multisector,43010,Multisector aid,5,Economic Development,25,Macroeconomic Foundation for Growth,72x1037,Economic Support Fund,1,U.S. Agency for International Development,USAID,1,Economic,3,Project-Type,26,1,ESF,ESF,NULL,NULL,NULL,2,Obligations,1955,,84500000,792943066,8,Project-type interventions - not Investment Related,,26
724,ESP,Spain,2,Europe and Eurasia,4,High Income Country,HIC,1,USAID,U.S. Agency for International Development,999,NULL,not applicable,1,Government,1,Government - United States,1999999,U.S. Government - Other,7,Other,430,Other Multisector,43010,Multisector aid,5,Economic Development,25,Macroeconomic Foundation for Growth,72x1037,Economic Support Fund,1,U.S. Agency for International Development,USAID,1,Economic,3,Project-Type,26,1,ESF,ESF,NULL,NULL,NULL,2,Obligations,1956,,58400000,534370391,8,Project-type interventions - not Investment Related,,26
724,ESP,Spain,2,Europe and Eurasia,4,High Income Country,HIC,1,USAID,U.S. Agency for International Development,999,NULL,not applicable,1,Government,1,Government - United States,1999999,U.S. Government - Other,7,Other,430,Other Multisector,43010,Multisector aid,5,Economic Development,25,Macroeconomic Foundation for Growth,72x1037,Economic Support Fund,1,U.S. Agency for International Development,USAID,1,Economic,3,Project-Type,26,1,ESF,ESF,NULL,NULL,NULL,2,Obligations,1957,,70000000,617229081,8,Project-type interventions - not Investment Related,,26
724,ESP,Spain,2,Europe and Eurasia,4,High Income Country,HIC,1,USAID,U.S. Agency for International Development,999,NULL,not applicable,1,Government,1,Government - United States,1999999,U.S. Government - Other,7,Other,430,Other Multisector,43010,Multisector aid,5,Economic Development,25,Macroeconomic Foundation for Growth,72x1037,Economic Support Fund,1,U.S. Agency for International Development,USAID,1,Economic,3,Project-Type,26,1,ESF,ESF,NULL,NULL,NULL,2,Obligations,1958,,53400000,457064181,8,Project-type interventions - not Investment Related,,26
724,ESP,Spain,2,Europe and Eurasia,4,High Income Country,HIC,1,USAID,U.S. Agency for International Development,999,NULL,not applicable,1,Government,1,Government - United States,1999999,U.S. Government - Other,7,Other,430,Other Multisector,43010,Multisector aid,5,Economic Development,25,Macroeconomic Foundation for Growth,72x1037,Economic Support Fund,1,U.S. Agency for International Development,USAID,1,Economic,3,Project-Type,26,1,ESF,ESF,NULL,NULL,NULL,2,Obligations,1959,,50000000,421508197,8,Project-type interventions - not Investment Related,,26
724,ESP,Spain,2,Europe and Eurasia,4,High Income Country,HIC,1,USAID,U.S. Agency for International Development,999,NULL,not applicable,1,Government,1,Government - United States,1999999,U.S. Government - Other,7,Other,430,Other Multisector,43010,Multisector aid,5,Economic Development,25,Macroeconomic Foundation for Growth,72x1037,Economic Support Fund,1,U.S. Agency for International Development,USAID,1,Economic,3,Project-Type,26,1,ESF,ESF,NULL,NULL,NULL,2,Obligations,1960,,45000000,374204398,8,Project-type interventions - not Investment Related,,26
724,ESP,Spain,2,Europe and Eurasia,4,High Income Country,HIC,1,USAID,U.S. Agency for International Development,999,NULL,not applicable,1,Government,1,Government - United States,1999999,U.S. Government - Other,7,Other,430,Other Multisector,43010,Multisector aid,5,Economic Development,25,Macroeconomic Foundation for Growth,72x1037,Economic Support Fund,1,U.S. Agency for International Development,USAID,1,Economic,3,Project-Type,26,1,ESF,ESF,NULL,NULL,NULL,2,Obligations,1961,,35000000,287147415,8,Project-type interventions - not Investment Related,,26
724,ESP,Spain,2,Europe and Eurasia,4,High Income Country,HIC,1,USAID,U.S. Agency for International Development,999,NULL,not applicable,1,Government,1,Government - United States,1999999,U.S. Government - Other,7,Other,430,Other Multisector,43010,Multisector aid,5,Economic Development,25,Macroeconomic Foundation for Growth,72x1037,Economic Support Fund,1,U.S. Agency for International Development,USAID,1,Economic,3,Project-Type,26,1,ESF,ESF,NULL,NULL,NULL,2,Obligations,1962,,19000000,154304485,8,Project-type interventions - not Investment Related,,26
724,ESP,Spain,2,Europe and Eurasia,4,High Income Country,HIC,1,USAID,U.S. Agency for International Development,999,NULL,not applicable,1,Government,1,Government - United States,1999999,U.S. Government - Other,7,Other,430,Other Multisector,43010,Multisector aid,5,Economic Development,25,Macroeconomic Foundation for Growth,72x1037,Economic Support Fund,1,U.S. Agency for International Development,USAID,1,Economic,3,Project-Type,26,1,ESF,ESF,NULL,NULL,NULL,2,Obligations,1973,,3000000,16967884,8,Project-type interventions - not Investment Related,,26
724,ESP,Spain,2,Europe and Eurasia,4,High Income Country,HIC,1,USAID,U.S. Agency for International Development,999,NULL,not applicable,1,Government,1,Government - United States,1999999,U.S. Government - Other,7,Other,430,Other Multisector,43010,Multisector aid,5,Economic Development,25,Macroeconomic Foundation for Growth,72x1037,Economic Support Fund,1,U.S. Agency for International Development,USAID,1,Economic,3,Project-Type,26,1,ESF,ESF,NULL,NULL,NULL,2,Obligations,1974,,3000000,15839014,8,Project-type interventions - not Investment Related,,26
724,ESP,Spain,2,Europe and Eurasia,4,High Income Country,HIC,1,USAID,U.S. Agency for International Development,999,NULL,not applicable,1,Government,1,Government - United States,1999999,U.S. Government - Other,7,Other,430,Other Multisector,43010,Multisector aid,5,Economic Development,25,Macroeconomic Foundation for Growth,72x1037,Economic Support Fund,1,U.S. Agency for International Development,USAID,1,Economic,3,Project-Type,26,1,ESF,ESF,NULL,NULL,NULL,2,Obligations,1975,,3000000,14353554,8,Project-type interventions - not Investment Related,,26
724,ESP,Spain,2,Europe and Eurasia,4,High Income Country,HIC,1,USAID,U.S. Agency for International Development,999,NULL,not applicable,1,Government,1,Government - United States,1999999,U.S. Government - Other,7,Other,430,Other Multisector,43010,Multisector aid,5,Economic Development,25,Macroeconomic Foundation for Growth,72x1037,Economic Support Fund,1,U.S. Agency for International Development,USAID,1,Economic,3,Project-Type,26,1,ESF,ESF,NULL,NULL,NULL,2,Obligations,1977,,10000000,41713173,8,Project-type interventions - not Investment Related,,26
724,ESP,Spain,2,Europe and Eurasia,4,High Income Country,HIC,1,USAID,U.S. Agency for International Development,999,NULL,not applicable,1,Government,1,Government - United States,1999999,U.S. Government - Other,7,Other,430,Other Multisector,43010,Multisector aid,5,Economic Development,25,Macroeconomic Foundation for Growth,72x1037,Economic Support Fund,1,U.S. Agency for International Development,USAID,1,Economic,3,Project-Type,26,1,ESF,ESF,NULL,NULL,NULL,2,Obligations,1978,,7000000,27361508,8,Project-type interventions - not Investment Related,,26
724,ESP,Spain,2,Europe and Eurasia,4,High Income Country,HIC,1,USAID,U.S. Agency for International Development,999,NULL,not applicable,1,Government,1,Government - United States,1999999,U.S. Government - Other,7,Other,430,Other Multisector,43010,Multisector aid,5,Economic Development,25,Macroeconomic Foundation for Growth,72x1037,Economic Support Fund,1,U.S. Agency for International Development,USAID,1,Economic,3,Project-Type,26,1,ESF,ESF,NULL,NULL,NULL,2,Obligations,1979,,7000000,25314205,8,Project-type interventions - not Investment Related,,26
724,ESP,Spain,2,Europe and Eurasia,4,High Income Country,HIC,1,USAID,U.S. Agency for International Development,999,NULL,not applicable,1,Government,1,Government - United States,1999999,U.S. Government - Other,7,Other,430,Other Multisector,43010,Multisector aid,5,Economic Development,25,Macroeconomic Foundation for Growth,72x1037,Economic Support Fund,1,U.S. Agency for International Development,USAID,1,Economic,3,Project-Type,26,1,ESF,ESF,NULL,NULL,NULL,2,Obligations,1980,,7000000,23283829,8,Project-type interventions - not Investment Related,,26
724,ESP,Spain,2,Europe and Eurasia,4,High Income Country,HIC,1,USAID,U.S. Agency for International Development,999,NULL,not applicable,1,Government,1,Government - United States,1999999,U.S. Government - Other,7,Other,430,Other Multisector,43010,Multisector aid,5,Economic Development,25,Macroeconomic Foundation for Growth,72x1037,Economic Support Fund,1,U.S. Agency for International Development,USAID,1,Economic,3,Project-Type,26,1,ESF,ESF,NULL,NULL,NULL,2,Obligations,1981,,7000000,21204524,8,Project-type interventions - not Investment Related,,26
724,ESP,Spain,2,Europe and Eurasia,4,High Income Country,HIC,1,USAID,U.S. Agency for International Development,999,NULL,not applicable,1,Government,1,Government - United States,1999999,U.S. Government - Other,7,Other,430,Other Multisector,43010,Multisector aid,5,Economic Development,25,Macroeconomic Foundation for Growth,72x1037,Economic Support Fund,1,U.S. Agency for International Development,USAID,1,Economic,3,Project-Type,26,1,ESF,ESF,NULL,NULL,NULL,2,Obligations,1982,,22000000,62311522,8,Project-type interventions - not Investment Related,,26
724,ESP,Spain,2,Europe and Eurasia,4,High Income Country,HIC,1,USAID,U.S. Agency for International Development,999,NULL,not applicable,1,Government,1,Government - United States,1999999,U.S. Government - Other,7,Other,430,Other Multisector,43010,Multisector aid,5,Economic Development,25,Macroeconomic Foundation for Growth,72x1037,Economic Support Fund,1,U.S. Agency for International Development,USAID,1,Economic,3,Project-Type,26,1,ESF,ESF,NULL,NULL,NULL,2,Obligations,1983,,12000000,32567448,8,Project-type interventions - not Investment Related,,26
724,ESP,Spain,2,Europe and Eurasia,4,High Income Country,HIC,1,USAID,U.S. Agency for International Development,999,NULL,not applicable,1,Government,1,Government - United States,1999999,U.S. Government - Other,7,Other,430,Other Multisector,43010,Multisector aid,5,Economic Development,25,Macroeconomic Foundation for Growth,72x1037,Economic Support Fund,1,U.S. Agency for International Development,USAID,1,Economic,3,Project-Type,26,1,ESF,ESF,NULL,NULL,NULL,2,Obligations,1984,,12000000,31439169,8,Project-type interventions - not Investment Related,,26
724,ESP,Spain,2,Europe and Eurasia,4,High Income Country,HIC,1,USAID,U.S. Agency for International Development,999,NULL,not applicable,1,Government,1,Government - United States,1999999,U.S. Government - Other,7,Other,430,Other Multisector,43010,Multisector aid,5,Economic Development,25,Macroeconomic Foundation for Growth,72x1037,Economic Support Fund,1,U.S. Agency for International Development,USAID,1,Economic,3,Project-Type,26,1,ESF,ESF,NULL,NULL,NULL,2,Obligations,1985,,12000000,30422402,8,Project-type interventions - not Investment Related,,26
724,ESP,Spain,2,Europe and Eurasia,4,High Income Country,HIC,1,USAID,U.S. Agency for International Development,999,NULL,not applicable,1,Government,1,Government - United States,1999999,U.S. Government - Other,7,Other,430,Other Multisector,43010,Multisector aid,5,Economic Development,25,Macroeconomic Foundation for Growth,72x1037,Economic Support Fund,1,U.S. Agency for International Development,USAID,1,Economic,3,Project-Type,26,1,ESF,ESF,NULL,NULL,NULL,2,Obligations,1986,,11484000,28474118,8,Project-type interventions - not Investment Related,,26
724,ESP,Spain,2,Europe and Eurasia,4,High Income Country,HIC,1,USAID,U.S. Agency for International Development,999,NULL,not applicable,1,Government,1,Government - United States,1999999,U.S. Government - Other,7,Other,430,Other Multisector,43010,Multisector aid,5,Economic Development,25,Macroeconomic Foundation for Growth,72x1037,Economic Support Fund,1,U.S. Agency for International Development,USAID,1,Economic,3,Project-Type,26,1,ESF,ESF,NULL,NULL,NULL,2,Obligations,1987,,5000000,12126014,8,Project-type interventions - not Investment Related,,26
724,ESP,Spain,2,Europe and Eurasia,4,High Income Country,HIC,1,USAID,U.S. Agency for International Development,999,NULL,not applicable,1,Government,1,Government - United States,1999999,U.S. Government - Other,7,Other,430,Other Multisector,43010,Multisector aid,5,Economic Development,25,Macroeconomic Foundation for Growth,72x1037,Economic Support Fund,1,U.S. Agency for International Development,USAID,1,Economic,3,Project-Type,26,1,ESF,ESF,NULL,NULL,NULL,2,Obligations,1988,,3202000,7521453,8,Project-type interventions - not Investment Related,,26
724,ESP,Spain,2,Europe and Eurasia,4,High Income Country,HIC,1,USAID,U.S. Agency for International Development,999,NULL,not applicable,1,Government,1,Government - United States,1999999,U.S. Government - Other,7,Other,430,Other Multisector,43010,Multisector aid,5,Economic Development,25,Macroeconomic Foundation for Growth,72xH010,INACTIVE - USAID Loans,1,U.S. Agency for International Development,USAID,1,Economic,3,Project-Type,86,1,USAID Loans,USAID Loans,NULL,NULL,NULL,2,Obligations,1951,,17200000,174249961,8,Project-type interventions - not Investment Related,,86
724,ESP,Spain,2,Europe and Eurasia,4,High Income Country,HIC,1,USAID,U.S. Agency for International Development,999,NULL,not applicable,1,Government,1,Government - United States,1999999,U.S. Government - Other,7,Other,430,Other Multisector,43010,Multisector aid,5,Economic Development,25,Macroeconomic Foundation for Growth,72xH010,INACTIVE - USAID Loans,1,U.S. Agency for International Development,USAID,1,Economic,3,Project-Type,86,1,USAID Loans,USAID Loans,NULL,NULL,NULL,2,Obligations,1952,,35500000,345748485,8,Project-type interventions - not Investment Related,,86
724,ESP,Spain,2,Europe and Eurasia,4,High Income Country,HIC,1,USAID,U.S. Agency for International Development,999,NULL,not applicable,1,Government,1,Government - United States,1999999,U.S. Government - Other,7,Other,430,Other Multisector,43010,Multisector aid,5,Economic Development,25,Macroeconomic Foundation for Growth,72xH010,INACTIVE - USAID Loans,1,U.S. Agency for International Development,USAID,1,Economic,3,Project-Type,86,1,USAID Loans,USAID Loans,NULL,NULL,NULL,2,Obligations,1953,,9800000,93741667,8,Project-type interventions - not Investment Related,,86
724,ESP,Spain,2,Europe and Eurasia,4,High Income Country,HIC,1,USAID,U.S. Agency for International Development,999,NULL,not applicable,1,Government,1,Government - United States,1999999,U.S. Government - Other,7,Other,430,Other Multisector,43010,Multisector aid,5,Economic Development,25,Macroeconomic Foundation for Growth,72xH010,INACTIVE - USAID Loans,1,U.S. Agency for International Development,USAID,1,Economic,3,Project-Type,86,1,USAID Loans,USAID Loans,NULL,NULL,NULL,2,Obligations,1955,,20000000,187678832,8,Project-type interventions - not Investment Related,,86
724,ESP,Spain,2,Europe and Eurasia,4,High Income Country,HIC,1,USAID,U.S. Agency for International Development,999,NULL,not applicable,1,Government,1,Government - United States,1999999,U.S. Government - Other,7,Other,430,Other Multisector,43010,Multisector aid,5,Economic Development,25,Macroeconomic Foundation for Growth,72xH010,INACTIVE - USAID Loans,1,U.S. Agency for International Development,USAID,1,Economic,3,Project-Type,86,1,USAID Loans,USAID Loans,NULL,NULL,NULL,2,Obligations,1959,,23800000,200637902,8,Project-type interventions - not Investment Related,,86
724,ESP,Spain,2,Europe and Eurasia,4,High Income Country,HIC,1,USAID,U.S. Agency for International Development,999,NULL,not applicable,1,Government,1,Government - United States,1999999,U.S. Government - Other,7,Other,430,Other Multisector,43010,Multisector aid,5,Economic Development,25,Macroeconomic Foundation for Growth,72xH010,INACTIVE - USAID Loans,1,U.S. Agency for International Development,USAID,1,Economic,3,Project-Type,86,1,USAID Loans,USAID Loans,NULL,NULL,NULL,2,Obligations,1960,,4200000,34925744,8,Project-type interventions - not Investment Related,,86
724,ESP,Spain,2,Europe and Eurasia,4,High Income Country,HIC,1,USAID,U.S. Agency for International Development,999,NULL,not applicable,1,Government,1,Government - United States,1999999,U.S. Government - Other,7,Other,430,Other Multisector,43010,Multisector aid,5,Economic Development,25,Macroeconomic Foundation for Growth,72xH020,INACTIVE - USAID Grants,1,U.S. Agency for International Development,USAID,1,Economic,3,Project-Type,85,1,USAID Grants,USAID Grants,NULL,NULL,NULL,2,Obligations,1954,,84700000,800664118,8,Project-type interventions - not Investment Related,,85
724,ESP,Spain,2,Europe and Eurasia,4,High Income Country,HIC,1,USAID,U.S. Agency for International Development,999,NULL,not applicable,1,Government,1,Government - United States,1999999,U.S. Government - Other,7,Other,430,Other Multisector,43010,Multisector aid,5,Economic Development,25,Macroeconomic Foundation for Growth,72xH020,INACTIVE - USAID Grants,1,U.S. Agency for International Development,USAID,1,Economic,3,Project-Type,85,1,USAID Grants,USAID Grants,NULL,NULL,NULL,2,Obligations,1955,,64900000,609017810,8,Project-type interventions - not Investment Related,,85
724,ESP,Spain,2,Europe and Eurasia,4,High Income Country,HIC,1,USAID,U.S. Agency for International Development,999,NULL,not applicable,1,Government,1,Government - United States,1999999,U.S. Government - Other,7,Other,430,Other Multisector,43010,Multisector aid,5,Economic Development,25,Macroeconomic Foundation for Growth,72xH020,INACTIVE - USAID Grants,1,U.S. Agency for International Development,USAID,1,Economic,3,Project-Type,85,1,USAID Grants,USAID Grants,NULL,NULL,NULL,2,Obligations,1956,,58400000,534370391,8,Project-type interventions - not Investment Related,,85
724,ESP,Spain,2,Europe and Eurasia,4,High Income Country,HIC,1,USAID,U.S. Agency for International Development,999,NULL,not applicable,1,Government,1,Government - United States,1999999,U.S. Government - Other,7,Other,430,Other Multisector,43010,Multisector aid,5,Economic Development,25,Macroeconomic Foundation for Growth,72xH020,INACTIVE - USAID Grants,1,U.S. Agency for International Development,USAID,1,Economic,3,Project-Type,85,1,USAID Grants,USAID Grants,NULL,NULL,NULL,2,Obligations,1957,,70100000,618110837,8,Project-type interventions - not Investment Related,,85
724,ESP,Spain,2,Europe and Eurasia,4,High Income Country,HIC,1,USAID,U.S. Agency for International Development,999,NULL,not applicable,1,Government,1,Government - United States,1999999,U.S. Government - Other,7,Other,430,Other Multisector,43010,Multisector aid,5,Economic Development,25,Macroeconomic Foundation for Growth,72xH020,INACTIVE - USAID Grants,1,U.S. Agency for International Development,USAID,1,Economic,3,Project-Type,85,1,USAID Grants,USAID Grants,NULL,NULL,NULL,2,Obligations,1958,,54600000,467335286,8,Project-type interventions - not Investment Related,,85
724,ESP,Spain,2,Europe and Eurasia,4,High Income Country,HIC,1,USAID,U.S. Agency for International Development,999,NULL,not applicable,1,Government,1,Government - United States,1999999,U.S. Government - Other,7,Other,430,Other Multisector,43010,Multisector aid,5,Economic Development,25,Macroeconomic Foundation for Growth,72xH020,INACTIVE - USAID Grants,1,U.S. Agency for International Development,USAID,1,Economic,3,Project-Type,85,1,USAID Grants,USAID Grants,NULL,NULL,NULL,2,Obligations,1959,,51100000,430781377,8,Project-type interventions - not Investment Related,,85
724,ESP,Spain,2,Europe and Eurasia,4,High Income Country,HIC,1,USAID,U.S. Agency for International Development,999,NULL,not applicable,1,Government,1,Government - United States,1999999,U.S. Government - Other,7,Other,430,Other Multisector,43010,Multisector aid,5,Economic Development,25,Macroeconomic Foundation for Growth,72xH020,INACTIVE - USAID Grants,1,U.S. Agency for International Development,USAID,1,Economic,3,Project-Type,85,1,USAID Grants,USAID Grants,NULL,NULL,NULL,2,Obligations,1960,,46100000,383351617,8,Project-type interventions - not Investment Related,,85
724,ESP,Spain,2,Europe and Eurasia,4,High Income Country,HIC,1,USAID,U.S. Agency for International Development,999,NULL,not applicable,1,Government,1,Government - United States,1999999,U.S. Government - Other,7,Other,430,Other Multisector,43010,Multisector aid,5,Economic Development,25,Macroeconomic Foundation for Growth,72xH020,INACTIVE - USAID Grants,1,U.S. Agency for International Development,USAID,1,Economic,3,Project-Type,85,1,USAID Grants,USAID Grants,NULL,NULL,NULL,2,Obligations,1961,,35800000,293710785,8,Project-type interventions - not Investment Related,,85
724,ESP,Spain,2,Europe and Eurasia,4,High Income Country,HIC,1,USAID,U.S. Agency for International Development,999,NULL,not applicable,1,Government,1,Government - United States,1999999,U.S. Government - Other,7,Other,430,Other Multisector,43010,Multisector aid,5,Economic Development,25,Macroeconomic Foundation for Growth,72xH020,INACTIVE - USAID Grants,1,U.S. Agency for International Development,USAID,1,Economic,3,Project-Type,85,1,USAID Grants,USAID Grants,NULL,NULL,NULL,2,Obligations,1962,,19000000,154304485,8,Project-type interventions - not Investment Related,,85
724,ESP,Spain,2,Europe and Eurasia,4,High Income Country,HIC,1,USAID,U.S. Agency for International Development,999,NULL,not applicable,1,Government,1,Government - United States,1999999,U.S. Government - Other,7,Other,430,Other Multisector,43010,Multisector aid,5,Economic Development,25,Macroeconomic Foundation for Growth,72xH020,INACTIVE - USAID Grants,1,U.S. Agency for International Development,USAID,1,Economic,3,Project-Type,85,1,USAID Grants,USAID Grants,NULL,NULL,NULL,2,Obligations,1973,,3000000,16967884,8,Project-type interventions - not Investment Related,,85
724,ESP,Spain,2,Europe and Eurasia,4,High Income Country,HIC,1,USAID,U.S. Agency for International Development,999,NULL,not applicable,1,Government,1,Government - United States,1999999,U.S. Government - Other,7,Other,430,Other Multisector,43010,Multisector aid,5,Economic Development,25,Macroeconomic Foundation for Growth,72xH020,INACTIVE - USAID Grants,1,U.S. Agency for International Development,USAID,1,Economic,3,Project-Type,85,1,USAID Grants,USAID Grants,NULL,NULL,NULL,2,Obligations,1974,,3000000,15839014,8,Project-type interventions - not Investment Related,,85
724,ESP,Spain,2,Europe and Eurasia,4,High Income Country,HIC,1,USAID,U.S. Agency for International Development,999,NULL,not applicable,1,Government,1,Government - United States,1999999,U.S. Government - Other,7,Other,430,Other Multisector,43010,Multisector aid,5,Economic Development,25,Macroeconomic Foundation for Growth,72xH020,INACTIVE - USAID Grants,1,U.S. Agency for International Development,USAID,1,Economic,3,Project-Type,85,1,USAID Grants,USAID Grants,NULL,NULL,NULL,2,Obligations,1975,,3000000,14353554,8,Project-type interventions - not Investment Related,,85
724,ESP,Spain,2,Europe and Eurasia,4,High Income Country,HIC,1,USAID,U.S. Agency for International Development,999,NULL,not applicable,1,Government,1,Government - United States,1999999,U.S. Government - Other,7,Other,430,Other Multisector,43010,Multisector aid,5,Economic Development,25,Macroeconomic Foundation for Growth,72xH020,INACTIVE - USAID Grants,1,U.S. Agency for International Development,USAID,1,Economic,3,Project-Type,85,1,USAID Grants,USAID Grants,NULL,NULL,NULL,2,Obligations,1977,,10000000,41713173,8,Project-type interventions - not Investment Related,,85
724,ESP,Spain,2,Europe and Eurasia,4,High Income Country,HIC,1,USAID,U.S. Agency for International Development,999,NULL,not applicable,1,Government,1,Government - United States,1999999,U.S. Government - Other,7,Other,430,Other Multisector,43010,Multisector aid,5,Economic Development,25,Macroeconomic Foundation for Growth,72xH020,INACTIVE - USAID Grants,1,U.S. Agency for International Development,USAID,1,Economic,3,Project-Type,85,1,USAID Grants,USAID Grants,NULL,NULL,NULL,2,Obligations,1978,,7000000,27361508,8,Project-type interventions - not Investment Related,,85
724,ESP,Spain,2,Europe and Eurasia,4,High Income Country,HIC,1,USAID,U.S. Agency for International Development,999,NULL,not applicable,1,Government,1,Government - United States,1999999,U.S. Government - Other,7,Other,430,Other Multisector,43010,Multisector aid,5,Economic Development,25,Macroeconomic Foundation for Growth,72xH020,INACTIVE - USAID Grants,1,U.S. Agency for International Development,USAID,1,Economic,3,Project-Type,85,1,USAID Grants,USAID Grants,NULL,NULL,NULL,2,Obligations,1979,,7000000,25314205,8,Project-type interventions - not Investment Related,,85
724,ESP,Spain,2,Europe and Eurasia,4,High Income Country,HIC,1,USAID,U.S. Agency for International Development,999,NULL,not applicable,1,Government,1,Government - United States,1999999,U.S. Government - Other,7,Other,430,Other Multisector,43010,Multisector aid,5,Economic Development,25,Macroeconomic Foundation for Growth,72xH020,INACTIVE - USAID Grants,1,U.S. Agency for International Development,USAID,1,Economic,3,Project-Type,85,1,USAID Grants,USAID Grants,NULL,NULL,NULL,2,Obligations,1980,,7000000,23283829,8,Project-type interventions - not Investment Related,,85
724,ESP,Spain,2,Europe and Eurasia,4,High Income Country,HIC,1,USAID,U.S. Agency for International Development,999,NULL,not applicable,1,Government,1,Government - United States,1999999,U.S. Government - Other,7,Other,430,Other Multisector,43010,Multisector aid,5,Economic Development,25,Macroeconomic Foundation for Growth,72xH020,INACTIVE - USAID Grants,1,U.S. Agency for International Development,USAID,1,Economic,3,Project-Type,85,1,USAID Grants,USAID Grants,NULL,NULL,NULL,2,Obligations,1981,,7000000,21204524,8,Project-type interventions - not Investment Related,,85
724,ESP,Spain,2,Europe and Eurasia,4,High Income Country,HIC,1,USAID,U.S. Agency for International Development,999,NULL,not applicable,1,Government,1,Government - United States,1999999,U.S. Government - Other,7,Other,430,Other Multisector,43010,Multisector aid,5,Economic Development,25,Macroeconomic Foundation for Growth,72xH020,INACTIVE - USAID Grants,1,U.S. Agency for International Development,USAID,1,Economic,3,Project-Type,85,1,USAID Grants,USAID Grants,NULL,NULL,NULL,2,Obligations,1982,,22000000,62311522,8,Project-type interventions - not Investment Related,,85
724,ESP,Spain,2,Europe and Eurasia,4,High Income Country,HIC,1,USAID,U.S. Agency for International Development,999,NULL,not applicable,1,Government,1,Government - United States,1999999,U.S. Government - Other,7,Other,430,Other Multisector,43010,Multisector aid,5,Economic Development,25,Macroeconomic Foundation for Growth,72xH020,INACTIVE - USAID Grants,1,U.S. Agency for International Development,USAID,1,Economic,3,Project-Type,85,1,USAID Grants,USAID Grants,NULL,NULL,NULL,2,Obligations,1983,,12000000,32567448,8,Project-type interventions - not Investment Related,,85
724,ESP,Spain,2,Europe and Eurasia,4,High Income Country,HIC,1,USAID,U.S. Agency for International Development,999,NULL,not applicable,1,Government,1,Government - United States,1999999,U.S. Government - Other,7,Other,430,Other Multisector,43010,Multisector aid,5,Economic Development,25,Macroeconomic Foundation for Growth,72xH020,INACTIVE - USAID Grants,1,U.S. Agency for International Development,USAID,1,Economic,3,Project-Type,85,1,USAID Grants,USAID Grants,NULL,NULL,NULL,2,Obligations,1984,,12000000,31439169,8,Project-type interventions - not Investment Related,,85
724,ESP,Spain,2,Europe and Eurasia,4,High Income Country,HIC,1,USAID,U.S. Agency for International Development,999,NULL,not applicable,1,Government,1,Government - United States,1999999,U.S. Government - Other,7,Other,430,Other Multisector,43010,Multisector aid,5,Economic Development,25,Macroeconomic Foundation for Growth,72xH020,INACTIVE - USAID Grants,1,U.S. Agency for International Development,USAID,1,Economic,3,Project-Type,85,1,USAID Grants,USAID Grants,NULL,NULL,NULL,2,Obligations,1985,,12000000,30422402,8,Project-type interventions - not Investment Related,,85
724,ESP,Spain,2,Europe and Eurasia,4,High Income Country,HIC,1,USAID,U.S. Agency for International Development,999,NULL,not applicable,1,Government,1,Government - United States,1999999,U.S. Government - Other,7,Other,430,Other Multisector,43010,Multisector aid,5,Economic Development,25,Macroeconomic Foundation for Growth,72xH020,INACTIVE - USAID Grants,1,U.S. Agency for International Development,USAID,1,Economic,3,Project-Type,85,1,USAID Grants,USAID Grants,NULL,NULL,NULL,2,Obligations,1986,,11484000,28474118,8,Project-type interventions - not Investment Related,,85
724,ESP,Spain,2,Europe and Eurasia,4,High Income Country,HIC,1,USAID,U.S. Agency for International Development,999,NULL,not applicable,1,Government,1,Government - United States,1999999,U.S. Government - Other,7,Other,430,Other Multisector,43010,Multisector aid,5,Economic Development,25,Macroeconomic Foundation for Growth,72xH020,INACTIVE - USAID Grants,1,U.S. Agency for International Development,USAID,1,Economic,3,Project-Type,85,1,USAID Grants,USAID Grants,NULL,NULL,NULL,2,Obligations,1987,,5000000,12126014,8,Project-type interventions - not Investment Related,,85
724,ESP,Spain,2,Europe and Eurasia,4,High Income Country,HIC,1,USAID,U.S. Agency for International Development,999,NULL,not applicable,1,Government,1,Government - United States,1999999,U.S. Government - Other,7,Other,430,Other Multisector,43010,Multisector aid,5,Economic Development,25,Macroeconomic Foundation for Growth,72xH020,INACTIVE - USAID Grants,1,U.S. Agency for International Development,USAID,1,Economic,3,Project-Type,85,1,USAID Grants,USAID Grants,NULL,NULL,NULL,2,Obligations,1988,,3202000,7521453,8,Project-type interventions - not Investment Related,,85
724,ESP,Spain,2,Europe and Eurasia,4,High Income Country,HIC,1,USAID,U.S. Agency for International Development,999,NULL,not applicable,1,Government,1,Government - United States,1999999,U.S. Government - Other,7,Other,430,Other Multisector,43010,Multisector aid,5,Economic Development,25,Macroeconomic Foundation for Growth,72xH037,INACTIVE - ESF adjustment for USAID Loans and Grants,1,U.S. Agency for International Development,USAID,1,Economic,3,Project-Type,27,1,ESF adjustment for USAID Loans and Grants,ESF adjustment for USAID Loans and Grants,NULL,NULL,NULL,2,Obligations,1954,,-84600000,-799718824,8,Project-type interventions - not Investment Related,,27
724,ESP,Spain,2,Europe and Eurasia,4,High Income Country,HIC,1,USAID,U.S. Agency for International Development,999,NULL,not applicable,1,Government,1,Government - United States,1999999,U.S. Government - Other,7,Other,430,Other Multisector,43010,Multisector aid,5,Economic Development,25,Macroeconomic Foundation for Growth,72xH037,INACTIVE - ESF adjustment for USAID Loans and Grants,1,U.S. Agency for International Development,USAID,1,Economic,3,Project-Type,27,1,ESF adjustment for USAID Loans and Grants,ESF adjustment for USAID Loans and Grants,NULL,NULL,NULL,2,Obligations,1955,,-84500000,-792943066,8,Project-type interventions - not Investment Related,,27
724,ESP,Spain,2,Europe and Eurasia,4,High Income Country,HIC,1,USAID,U.S. Agency for International Development,999,NULL,not applicable,1,Government,1,Government - United States,1999999,U.S. Government - Other,7,Other,430,Other Multisector,43010,Multisector aid,5,Economic Development,25,Macroeconomic Foundation for Growth,72xH037,INACTIVE - ESF adjustment for USAID Loans and Grants,1,U.S. Agency for International Development,USAID,1,Economic,3,Project-Type,27,1,ESF adjustment for USAID Loans and Grants,ESF adjustment for USAID Loans and Grants,NULL,NULL,NULL,2,Obligations,1956,,-58400000,-534370391,8,Project-type interventions - not Investment Related,,27
724,ESP,Spain,2,Europe and Eurasia,4,High Income Country,HIC,1,USAID,U.S. Agency for International Development,999,NULL,not applicable,1,Government,1,Government - United States,1999999,U.S. Government - Other,7,Other,430,Other Multisector,43010,Multisector aid,5,Economic Development,25,Macroeconomic Foundation for Growth,72xH037,INACTIVE - ESF adjustment for USAID Loans and Grants,1,U.S. Agency for International Development,USAID,1,Economic,3,Project-Type,27,1,ESF adjustment for USAID Loans and Grants,ESF adjustment for USAID Loans and Grants,NULL,NULL,NULL,2,Obligations,1957,,-70000000,-617229081,8,Project-type interventions - not Investment Related,,27
724,ESP,Spain,2,Europe and Eurasia,4,High Income Country,HIC,1,USAID,U.S. Agency for International Development,999,NULL,not applicable,1,Government,1,Government - United States,1999999,U.S. Government - Other,7,Other,430,Other Multisector,43010,Multisector aid,5,Economic Development,25,Macroeconomic Foundation for Growth,72xH037,INACTIVE - ESF adjustment for USAID Loans and Grants,1,U.S. Agency for International Development,USAID,1,Economic,3,Project-Type,27,1,ESF adjustment for USAID Loans and Grants,ESF adjustment for USAID Loans and Grants,NULL,NULL,NULL,2,Obligations,1958,,-53400000,-457064181,8,Project-type interventions - not Investment Related,,27
724,ESP,Spain,2,Europe and Eurasia,4,High Income Country,HIC,1,USAID,U.S. Agency for International Development,999,NULL,not applicable,1,Government,1,Government - United States,1999999,U.S. Government - Other,7,Other,430,Other Multisector,43010,Multisector aid,5,Economic Development,25,Macroeconomic Foundation for Growth,72xH037,INACTIVE - ESF adjustment for USAID Loans and Grants,1,U.S. Agency for International Development,USAID,1,Economic,3,Project-Type,27,1,ESF adjustment for USAID Loans and Grants,ESF adjustment for USAID Loans and Grants,NULL,NULL,NULL,2,Obligations,1959,,-50000000,-421508197,8,Project-type interventions - not Investment Related,,27
724,ESP,Spain,2,Europe and Eurasia,4,High Income Country,HIC,1,USAID,U.S. Agency for International Development,999,NULL,not applicable,1,Government,1,Government - United States,1999999,U.S. Government - Other,7,Other,430,Other Multisector,43010,Multisector aid,5,Economic Development,25,Macroeconomic Foundation for Growth,72xH037,INACTIVE - ESF adjustment for USAID Loans and Grants,1,U.S. Agency for International Development,USAID,1,Economic,3,Project-Type,27,1,ESF adjustment for USAID Loans and Grants,ESF adjustment for USAID Loans and Grants,NULL,NULL,NULL,2,Obligations,1960,,-45000000,-374204398,8,Project-type interventions - not Investment Related,,27
724,ESP,Spain,2,Europe and Eurasia,4,High Income Country,HIC,1,USAID,U.S. Agency for International Development,999,NULL,not applicable,1,Government,1,Government - United States,1999999,U.S. Government - Other,7,Other,430,Other Multisector,43010,Multisector aid,5,Economic Development,25,Macroeconomic Foundation for Growth,72xH037,INACTIVE - ESF adjustment for USAID Loans and Grants,1,U.S. Agency for International Development,USAID,1,Economic,3,Project-Type,27,1,ESF adjustment for USAID Loans and Grants,ESF adjustment for USAID Loans and Grants,NULL,NULL,NULL,2,Obligations,1961,,-35000000,-287147415,8,Project-type interventions - not Investment Related,,27
724,ESP,Spain,2,Europe and Eurasia,4,High Income Country,HIC,1,USAID,U.S. Agency for International Development,999,NULL,not applicable,1,Government,1,Government - United States,1999999,U.S. Government - Other,7,Other,430,Other Multisector,43010,Multisector aid,5,Economic Development,25,Macroeconomic Foundation for Growth,72xH037,INACTIVE - ESF adjustment for USAID Loans and Grants,1,U.S. Agency for International Development,USAID,1,Economic,3,Project-Type,27,1,ESF adjustment for USAID Loans and Grants,ESF adjustment for USAID Loans and Grants,NULL,NULL,NULL,2,Obligations,1962,,-19000000,-154304485,8,Project-type interventions - not Investment Related,,27
724,ESP,Spain,2,Europe and Eurasia,4,High Income Country,HIC,1,USAID,U.S. Agency for International Development,999,NULL,not applicable,1,Government,1,Government - United States,1999999,U.S. Government - Other,7,Other,430,Other Multisector,43010,Multisector aid,5,Economic Development,25,Macroeconomic Foundation for Growth,72xH037,INACTIVE - ESF adjustment for USAID Loans and Grants,1,U.S. Agency for International Development,USAID,1,Economic,3,Project-Type,27,1,ESF adjustment for USAID Loans and Grants,ESF adjustment for USAID Loans and Grants,NULL,NULL,NULL,2,Obligations,1973,,-3000000,-16967884,8,Project-type interventions - not Investment Related,,27
724,ESP,Spain,2,Europe and Eurasia,4,High Income Country,HIC,1,USAID,U.S. Agency for International Development,999,NULL,not applicable,1,Government,1,Government - United States,1999999,U.S. Government - Other,7,Other,430,Other Multisector,43010,Multisector aid,5,Economic Development,25,Macroeconomic Foundation for Growth,72xH037,INACTIVE - ESF adjustment for USAID Loans and Grants,1,U.S. Agency for International Development,USAID,1,Economic,3,Project-Type,27,1,ESF adjustment for USAID Loans and Grants,ESF adjustment for USAID Loans and Grants,NULL,NULL,NULL,2,Obligations,1974,,-3000000,-15839014,8,Project-type interventions - not Investment Related,,27
724,ESP,Spain,2,Europe and Eurasia,4,High Income Country,HIC,1,USAID,U.S. Agency for International Development,999,NULL,not applicable,1,Government,1,Government - United States,1999999,U.S. Government - Other,7,Other,430,Other Multisector,43010,Multisector aid,5,Economic Development,25,Macroeconomic Foundation for Growth,72xH037,INACTIVE - ESF adjustment for USAID Loans and Grants,1,U.S. Agency for International Development,USAID,1,Economic,3,Project-Type,27,1,ESF adjustment for USAID Loans and Grants,ESF adjustment for USAID Loans and Grants,NULL,NULL,NULL,2,Obligations,1975,,-3000000,-14353554,8,Project-type interventions - not Investment Related,,27
724,ESP,Spain,2,Europe and Eurasia,4,High Income Country,HIC,1,USAID,U.S. Agency for International Development,999,NULL,not applicable,1,Government,1,Government - United States,1999999,U.S. Government - Other,7,Other,430,Other Multisector,43010,Multisector aid,5,Economic Development,25,Macroeconomic Foundation for Growth,72xH037,INACTIVE - ESF adjustment for USAID Loans and Grants,1,U.S. Agency for International Development,USAID,1,Economic,3,Project-Type,27,1,ESF adjustment for USAID Loans and Grants,ESF adjustment for USAID Loans and Grants,NULL,NULL,NULL,2,Obligations,1977,,-10000000,-41713173,8,Project-type interventions - not Investment Related,,27
724,ESP,Spain,2,Europe and Eurasia,4,High Income Country,HIC,1,USAID,U.S. Agency for International Development,999,NULL,not applicable,1,Government,1,Government - United States,1999999,U.S. Government - Other,7,Other,430,Other Multisector,43010,Multisector aid,5,Economic Development,25,Macroeconomic Foundation for Growth,72xH037,INACTIVE - ESF adjustment for USAID Loans and Grants,1,U.S. Agency for International Development,USAID,1,Economic,3,Project-Type,27,1,ESF adjustment for USAID Loans and Grants,ESF adjustment for USAID Loans and Grants,NULL,NULL,NULL,2,Obligations,1978,,-7000000,-27361508,8,Project-type interventions - not Investment Related,,27
724,ESP,Spain,2,Europe and Eurasia,4,High Income Country,HIC,1,USAID,U.S. Agency for International Development,999,NULL,not applicable,1,Government,1,Government - United States,1999999,U.S. Government - Other,7,Other,430,Other Multisector,43010,Multisector aid,5,Economic Development,25,Macroeconomic Foundation for Growth,72xH037,INACTIVE - ESF adjustment for USAID Loans and Grants,1,U.S. Agency for International Development,USAID,1,Economic,3,Project-Type,27,1,ESF adjustment for USAID Loans and Grants,ESF adjustment for USAID Loans and Grants,NULL,NULL,NULL,2,Obligations,1979,,-7000000,-25314205,8,Project-type interventions - not Investment Related,,27
724,ESP,Spain,2,Europe and Eurasia,4,High Income Country,HIC,1,USAID,U.S. Agency for International Development,999,NULL,not applicable,1,Government,1,Government - United States,1999999,U.S. Government - Other,7,Other,430,Other Multisector,43010,Multisector aid,5,Economic Development,25,Macroeconomic Foundation for Growth,72xH037,INACTIVE - ESF adjustment for USAID Loans and Grants,1,U.S. Agency for International Development,USAID,1,Economic,3,Project-Type,27,1,ESF adjustment for USAID Loans and Grants,ESF adjustment for USAID Loans and Grants,NULL,NULL,NULL,2,Obligations,1980,,-7000000,-23283829,8,Project-type interventions - not Investment Related,,27
724,ESP,Spain,2,Europe and Eurasia,4,High Income Country,HIC,1,USAID,U.S. Agency for International Development,999,NULL,not applicable,1,Government,1,Government - United States,1999999,U.S. Government - Other,7,Other,430,Other Multisector,43010,Multisector aid,5,Economic Development,25,Macroeconomic Foundation for Growth,72xH037,INACTIVE - ESF adjustment for USAID Loans and Grants,1,U.S. Agency for International Development,USAID,1,Economic,3,Project-Type,27,1,ESF adjustment for USAID Loans and Grants,ESF adjustment for USAID Loans and Grants,NULL,NULL,NULL,2,Obligations,1981,,-7000000,-21204524,8,Project-type interventions - not Investment Related,,27
724,ESP,Spain,2,Europe and Eurasia,4,High Income Country,HIC,1,USAID,U.S. Agency for International Development,999,NULL,not applicable,1,Government,1,Government - United States,1999999,U.S. Government - Other,7,Other,430,Other Multisector,43010,Multisector aid,5,Economic Development,25,Macroeconomic Foundation for Growth,72xH037,INACTIVE - ESF adjustment for USAID Loans and Grants,1,U.S. Agency for International Development,USAID,1,Economic,3,Project-Type,27,1,ESF adjustment for USAID Loans and Grants,ESF adjustment for USAID Loans and Grants,NULL,NULL,NULL,2,Obligations,1982,,-22000000,-62311522,8,Project-type interventions - not Investment Related,,27
724,ESP,Spain,2,Europe and Eurasia,4,High Income Country,HIC,1,USAID,U.S. Agency for International Development,999,NULL,not applicable,1,Government,1,Government - United States,1999999,U.S. Government - Other,7,Other,430,Other Multisector,43010,Multisector aid,5,Economic Development,25,Macroeconomic Foundation for Growth,72xH037,INACTIVE - ESF adjustment for USAID Loans and Grants,1,U.S. Agency for International Development,USAID,1,Economic,3,Project-Type,27,1,ESF adjustment for USAID Loans and Grants,ESF adjustment for USAID Loans and Grants,NULL,NULL,NULL,2,Obligations,1983,,-12000000,-32567448,8,Project-type interventions - not Investment Related,,27
724,ESP,Spain,2,Europe and Eurasia,4,High Income Country,HIC,1,USAID,U.S. Agency for International Development,999,NULL,not applicable,1,Government,1,Government - United States,1999999,U.S. Government - Other,7,Other,430,Other Multisector,43010,Multisector aid,5,Economic Development,25,Macroeconomic Foundation for Growth,72xH037,INACTIVE - ESF adjustment for USAID Loans and Grants,1,U.S. Agency for International Development,USAID,1,Economic,3,Project-Type,27,1,ESF adjustment for USAID Loans and Grants,ESF adjustment for USAID Loans and Grants,NULL,NULL,NULL,2,Obligations,1984,,-12000000,-31439169,8,Project-type interventions - not Investment Related,,27
724,ESP,Spain,2,Europe and Eurasia,4,High Income Country,HIC,1,USAID,U.S. Agency for International Development,999,NULL,not applicable,1,Government,1,Government - United States,1999999,U.S. Government - Other,7,Other,430,Other Multisector,43010,Multisector aid,5,Economic Development,25,Macroeconomic Foundation for Growth,72xH037,INACTIVE - ESF adjustment for USAID Loans and Grants,1,U.S. Agency for International Development,USAID,1,Economic,3,Project-Type,27,1,ESF adjustment for USAID Loans and Grants,ESF adjustment for USAID Loans and Grants,NULL,NULL,NULL,2,Obligations,1985,,-12000000,-30422402,8,Project-type interventions - not Investment Related,,27
724,ESP,Spain,2,Europe and Eurasia,4,High Income Country,HIC,1,USAID,U.S. Agency for International Development,999,NULL,not applicable,1,Government,1,Government - United States,1999999,U.S. Government - Other,7,Other,430,Other Multisector,43010,Multisector aid,5,Economic Development,25,Macroeconomic Foundation for Growth,72xH037,INACTIVE - ESF adjustment for USAID Loans and Grants,1,U.S. Agency for International Development,USAID,1,Economic,3,Project-Type,27,1,ESF adjustment for USAID Loans and Grants,ESF adjustment for USAID Loans and Grants,NULL,NULL,NULL,2,Obligations,1986,,-11484000,-28474118,8,Project-type interventions - not Investment Related,,27
724,ESP,Spain,2,Europe and Eurasia,4,High Income Country,HIC,1,USAID,U.S. Agency for International Development,999,NULL,not applicable,1,Government,1,Government - United States,1999999,U.S. Government - Other,7,Other,430,Other Multisector,43010,Multisector aid,5,Economic Development,25,Macroeconomic Foundation for Growth,72xH037,INACTIVE - ESF adjustment for USAID Loans and Grants,1,U.S. Agency for International Development,USAID,1,Economic,3,Project-Type,27,1,ESF adjustment for USAID Loans and Grants,ESF adjustment for USAID Loans and Grants,NULL,NULL,NULL,2,Obligations,1987,,-5000000,-12126014,8,Project-type interventions - not Investment Related,,27
724,ESP,Spain,2,Europe and Eurasia,4,High Income Country,HIC,1,USAID,U.S. Agency for International Development,999,NULL,not applicable,1,Government,1,Government - United States,1999999,U.S. Government - Other,7,Other,430,Other Multisector,43010,Multisector aid,5,Economic Development,25,Macroeconomic Foundation for Growth,72xH037,INACTIVE - ESF adjustment for USAID Loans and Grants,1,U.S. Agency for International Development,USAID,1,Economic,3,Project-Type,27,1,ESF adjustment for USAID Loans and Grants,ESF adjustment for USAID Loans and Grants,NULL,NULL,NULL,2,Obligations,1988,,-3202000,-7521453,8,Project-type interventions - not Investment Related,,27
724,ESP,Spain,2,Europe and Eurasia,4,High Income Country,HIC,2,STATE,Department of State,55,EUR,European and Eurasian Affairs,8,Enterprises,19,Enterprises - United States,3990208,Enterprise - United States Redacted,10,Administrative Costs,911,Operating Expenses,91010,Operating Expenses,8,Program Support,41,Direct Administrative Costs,72x1037,Economic Support Fund,1,U.S. Agency for International Development,USAID,1,Economic,6,Administrative Costs,266335,105,"DOS Miscellaneous Goods, Services, and Operations Maintenance","Administrative costs and operating expenses of DOS contributing to Miscellaneous Goods, Services, and Operations Maintenance.",N/A ADMIN,NULL,NULL,3,Disbursements,2017,31MAR2017,990,1273,17,Administrative costs not included elsewhere,,9867
724,ESP,Spain,2,Europe and Eurasia,4,High Income Country,HIC,2,STATE,Department of State,55,EUR,European and Eurasian Affairs,8,Enterprises,20,Enterprises - Non United States,3990007,Enterprise - Non United States Other,7,Other,430,Other Multisector,43010,Multisector aid,9,Multi-sector,52,Multi-sector - Unspecified,72x1037,Economic Support Fund,1,U.S. Agency for International Development,USAID,1,Economic,3,Project-Type,286736,105,"[Grants, Subsidies, and Contributions]",S-LMAQM-15-GR-017 CLUB DE MADRID PARA LA TRANSICION Y CONSOLIDACION DEMOCRATICA 09/24/15-10/31/16,4270541900,NULL,NULL,2,Obligations,2015,29SEP2015,99000,130458,8,Project-type interventions - not Investment Related,,30268
724,ESP,Spain,2,Europe and Eurasia,4,High Income Country,HIC,2,STATE,Department of State,55,EUR,European and Eurasian Affairs,8,Enterprises,20,Enterprises - Non United States,3990007,Enterprise - Non United States Other,7,Other,430,Other Multisector,43010,Multisector aid,9,Multi-sector,52,Multi-sector - Unspecified,72x1037,Economic Support Fund,1,U.S. Agency for International Development,USAID,1,Economic,3,Project-Type,286736,105,"[Grants, Subsidies, and Contributions]",S-LMAQM-15-GR-017 CLUB DE MADRID PARA LA TRANSICION Y CONSOLIDACION DEMOCRATICA 09/24/15-10/31/16,4270541900,NULL,NULL,2,Obligations,2016,02MAR2016,-459,-601,8,Project-type interventions - not Investment Related,,30268
724,ESP,Spain,2,Europe and Eurasia,4,High Income Country,HIC,2,STATE,Department of State,55,EUR,European and Eurasian Affairs,8,Enterprises,20,Enterprises - Non United States,3990007,Enterprise - Non United States Other,7,Other,430,Other Multisector,43010,Multisector aid,9,Multi-sector,52,Multi-sector - Unspecified,72x1037,Economic Support Fund,1,U.S. Agency for International Development,USAID,1,Economic,3,Project-Type,288268,105,"[Grants, Subsidies, and Contributions]","[Grants, Subsidies, and Contributions]",4270541900,NULL,NULL,3,Disbursements,2016,26OCT2015,79200,103538,8,Project-type interventions - not Investment Related,,31800
724,ESP,Spain,2,Europe and Eurasia,4,High Income Country,HIC,2,STATE,Department of State,55,EUR,European and Eurasian Affairs,8,Enterprises,20,Enterprises - Non United States,3990007,Enterprise - Non United States Other,7,Other,430,Other Multisector,43010,Multisector aid,9,Multi-sector,52,Multi-sector - Unspecified,72x1037,Economic Support Fund,1,U.S. Agency for International Development,USAID,1,Economic,3,Project-Type,288268,105,"[Grants, Subsidies, and Contributions]","[Grants, Subsidies, and Contributions]",4270541900,NULL,NULL,3,Disbursements,2016,26FEB2016,19341,25284,8,Project-type interventions - not Investment Related,,31800
724,ESP,Spain,2,Europe and Eurasia,4,High Income Country,HIC,2,STATE,Department of State,55,EUR,European and Eurasian Affairs,8,Enterprises,20,Enterprises - Non United States,3990007,Enterprise - Non United States Other,10,Administrative Costs,911,Operating Expenses,91010,Operating Expenses,8,Program Support,41,Direct Administrative Costs,72x1037,Economic Support Fund,1,U.S. Agency for International Development,USAID,1,Economic,6,Administrative Costs,266328,105,"DOS Miscellaneous Goods, Services, and Operations Maintenance","Administrative costs and operating expenses of DOS contributing to Miscellaneous Goods, Services, and Operations Maintenance.",N/A ADMIN,NULL,NULL,2,Obligations,2015,30SEP2015,1000,1318,17,Administrative costs not included elsewhere,,9860
724,ESP,Spain,2,Europe and Eurasia,4,High Income Country,HIC,2,STATE,Department of State,55,EUR,European and Eurasian Affairs,8,Enterprises,20,Enterprises - Non United States,3990007,Enterprise - Non United States Other,10,Administrative Costs,911,Operating Expenses,91010,Operating Expenses,8,Program Support,41,Direct Administrative Costs,72x1037,Economic Support Fund,1,U.S. Agency for International Development,USAID,1,Economic,6,Administrative Costs,266328,105,"DOS Miscellaneous Goods, Services, and Operations Maintenance","Administrative costs and operating expenses of DOS contributing to Miscellaneous Goods, Services, and Operations Maintenance.",N/A ADMIN,NULL,NULL,2,Obligations,2017,30JUN2017,-10,-13,17,Administrative costs not included elsewhere,,9860
724,ESP,Spain,2,Europe and Eurasia,4,High Income Country,HIC,2,STATE,Department of State,67,PRM,"Population, Refugees, and Migration",1,Government,1,Government - United States,1000004,U.S. Government - Department of State,9,Humanitarian,720,Emergency Response,72010,Material relief assistance and services,7,Humanitarian Assistance,37,"Protection, Assistance and Solutions",19x1143,"Department of  State, Migration and Refugee Assistance",2,Department of State,STATE,1,Economic,3,Project-Type,113999,65,"Julia Taft Refugee Fund Project: Housing, Employment, and Legal Assistance to Individuals in Reception Facilities in Spain","United States Population Migration and Refugee Assistance, Appropriation 1143. Protection and assistance needs of refugees, migrants and conflict victims worldwide. [U.S. Government - Department of State]",R270,NULL,NULL,2,Obligations,2020,29JUN2020,25000,30476,8,Project-type interventions - not Investment Related,,12556
724,ESP,Spain,2,Europe and Eurasia,4,High Income Country,HIC,2,STATE,Department of State,67,PRM,"Population, Refugees, and Migration",1,Government,1,Government - United States,1000004,U.S. Government - Department of State,9,Humanitarian,720,Emergency Response,72010,Material relief assistance and services,7,Humanitarian Assistance,37,"Protection, Assistance and Solutions",19x1143,"Department of  State, Migration and Refugee Assistance",2,Department of State,STATE,1,Economic,3,Project-Type,113999,65,"Julia Taft Refugee Fund Project: Housing, Employment, and Legal Assistance to Individuals in Reception Facilities in Spain","United States Population Migration and Refugee Assistance, Appropriation 1143. Protection and assistance needs of refugees, migrants and conflict victims worldwide. [U.S. Government - Department of State]",R270,NULL,NULL,3,Disbursements,2019,17OCT2018,12500,15439,8,Project-type interventions - not Investment Related,,12556
724,ESP,Spain,2,Europe and Eurasia,4,High Income Country,HIC,2,STATE,Department of State,67,PRM,"Population, Refugees, and Migration",1,Government,1,Government - United States,1000004,U.S. Government - Department of State,9,Humanitarian,720,Emergency Response,72010,Material relief assistance and services,7,Humanitarian Assistance,37,"Protection, Assistance and Solutions",19x1143,"Department of  State, Migration and Refugee Assistance",2,Department of State,STATE,1,Economic,3,Project-Type,113999,65,"Julia Taft Refugee Fund Project: Housing, Employment, and Legal Assistance to Individuals in Reception Facilities in Spain","United States Population Migration and Refugee Assistance, Appropriation 1143. Protection and assistance needs of refugees, migrants and conflict victims worldwide. [U.S. Government - Department of State]",R270,NULL,NULL,3,Disbursements,2019,19OCT2018,12500,15439,8,Project-type interventions - not Investment Related,,12556
724,ESP,Spain,2,Europe and Eurasia,4,High Income Country,HIC,2,STATE,Department of State,67,PRM,"Population, Refugees, and Migration",1,Government,1,Government - United States,1000004,U.S. Government - Department of State,9,Humanitarian,720,Emergency Response,72010,Material relief assistance and services,7,Humanitarian Assistance,37,"Protection, Assistance and Solutions",19x1143,"Department of  State, Migration and Refugee Assistance",2,Department of State,STATE,1,Economic,3,Project-Type,113999,65,"Julia Taft Refugee Fund Project: Housing, Employment, and Legal Assistance to Individuals in Reception Facilities in Spain","United States Population Migration and Refugee Assistance, Appropriation 1143. Protection and assistance needs of refugees, migrants and conflict victims worldwide. [U.S. Government - Department of State]",R270,NULL,NULL,3,Disbursements,2020,02AUG2020,25000,30476,8,Project-type interventions - not Investment Related,,12556
724,ESP,Spain,2,Europe and Eurasia,4,High Income Country,HIC,2,STATE,Department of State,67,PRM,"Population, Refugees, and Migration",1,Government,1,Government - United States,1000004,U.S. Government - Department of State,9,Humanitarian,720,Emergency Response,72010,Material relief assistance and services,7,Humanitarian Assistance,37,"Protection, Assistance and Solutions",19x1143,"Department of  State, Migration and Refugee Assistance",2,Department of State,STATE,1,Economic,3,Project-Type,113999,65,"Julia Taft Refugee Fund Project: Housing, Employment, and Legal Assistance to Individuals in Reception Facilities in Spain","United States Population Migration and Refugee Assistance, Appropriation 1143. Protection and assistance needs of refugees, migrants and conflict victims worldwide. [U.S. Government - Department of State]",R270,NULL,NULL,3,Disbursements,2020,07AUG2020,-25000,-30476,8,Project-type interventions - not Investment Related,,12556
724,ESP,Spain,2,Europe and Eurasia,4,High Income Country,HIC,2,STATE,Department of State,67,PRM,"Population, Refugees, and Migration",1,Government,1,Government - United States,1000004,U.S. Government - Department of State,9,Humanitarian,720,Emergency Response,72010,Material relief assistance and services,7,Humanitarian Assistance,37,"Protection, Assistance and Solutions",19x1143,"Department of  State, Migration and Refugee Assistance",2,Department of State,STATE,1,Economic,3,Project-Type,113999,65,"Julia Taft Refugee Fund Project: Housing, Employment, and Legal Assistance to Individuals in Reception Facilities in Spain","United States Population Migration and Refugee Assistance, Appropriation 1143. Protection and assistance needs of refugees, migrants and conflict victims worldwide. [U.S. Government - Department of State]",R270,NULL,NULL,3,Disbursements,2020,11AUG2020,25000,30476,8,Project-type interventions - not Investment Related,,12556
724,ESP,Spain,2,Europe and Eurasia,4,High Income Country,HIC,2,STATE,Department of State,67,PRM,"Population, Refugees, and Migration",1,Government,1,Government - United States,1000004,U.S. Government - Department of State,9,Humanitarian,720,Emergency Response,72010,Material relief assistance and services,7,Humanitarian Assistance,37,"Protection, Assistance and Solutions",19x1143,"Department of  State, Migration and Refugee Assistance",2,Department of State,STATE,1,Economic,3,Project-Type,113999,65,"Julia Taft Refugee Fund Project: Housing, Employment, and Legal Assistance to Individuals in Reception Facilities in Spain","United States Population Migration and Refugee Assistance, Appropriation 1143. Protection and assistance needs of refugees, migrants and conflict victims worldwide. [U.S. Government - Department of State]",R270,NULL,NULL,3,Disbursements,2020,18AUG2020,-25000,-30476,8,Project-type interventions - not Investment Related,,12556
724,ESP,Spain,2,Europe and Eurasia,4,High Income Country,HIC,2,STATE,Department of State,67,PRM,"Population, Refugees, and Migration",1,Government,1,Government - United States,1000004,U.S. Government - Department of State,9,Humanitarian,720,Emergency Response,72010,Material relief assistance and services,7,Humanitarian Assistance,37,"Protection, Assistance and Solutions",19x1143,"Department of  State, Migration and Refugee Assistance",2,Department of State,STATE,1,Economic,3,Project-Type,113999,65,"Julia Taft Refugee Fund Project: Housing, Employment, and Legal Assistance to Individuals in Reception Facilities in Spain","United States Population Migration and Refugee Assistance, Appropriation 1143. Protection and assistance needs of refugees, migrants and conflict victims worldwide. [U.S. Government - Department of State]",R270,NULL,NULL,3,Disbursements,2020,02SEP2020,25000,30476,8,Project-type interventions - not Investment Related,,12556
724,ESP,Spain,2,Europe and Eurasia,4,High Income Country,HIC,2,STATE,Department of State,67,PRM,"Population, Refugees, and Migration",1,Government,1,Government - United States,1000004,U.S. Government - Department of State,9,Humanitarian,720,Emergency Response,72010,Material relief assistance and services,7,Humanitarian Assistance,37,"Protection, Assistance and Solutions",19x1143,"Department of  State, Migration and Refugee Assistance",2,Department of State,STATE,1,Economic,3,Project-Type,114000,65,"Julia Taft Refugee Fund Project: Housing, Employment, and Legal Assistance to Individuals in Reception Facilities in Spain","United States Population Migration and Refugee Assistance, Appropriation 1143. Protection and assistance needs of refugees, migrants and conflict victims worldwide. [U.S. Government - Department of State]",R270-1,NULL,NULL,2,Obligations,2017,26SEP2017,25000,32140,8,Project-type interventions - not Investment Related,,12557
724,ESP,Spain,2,Europe and Eurasia,4,High Income Country,HIC,2,STATE,Department of State,67,PRM,"Population, Refugees, and Migration",1,Government,1,Government - United States,1000004,U.S. Government - Department of State,9,Humanitarian,720,Emergency Response,72010,Material relief assistance and services,7,Humanitarian Assistance,37,"Protection, Assistance and Solutions",19x1143,"Department of  State, Migration and Refugee Assistance",2,Department of State,STATE,1,Economic,3,Project-Type,114000,65,"Julia Taft Refugee Fund Project: Housing, Employment, and Legal Assistance to Individuals in Reception Facilities in Spain","United States Population Migration and Refugee Assistance, Appropriation 1143. Protection and assistance needs of refugees, migrants and conflict victims worldwide. [U.S. Government - Department of State]",R270-1,NULL,NULL,2,Obligations,2018,17SEP2018,25000,31442,8,Project-type interventions - not Investment Related,,12557
724,ESP,Spain,2,Europe and Eurasia,4,High Income Country,HIC,2,STATE,Department of State,160,N/A,State Bureau - Other,8,Enterprises,19,Enterprises - United States,3990208,Enterprise - United States Redacted,3,Governance,151,Government and Civil Society,15150,Democratic participation and civil society,2,"Democracy, Human Rights, and Governance",46,"Democracy, Human Rights, and Governance - General",19x1121,"Department of State, Democracy Fund",2,Department of State,STATE,1,Economic,3,Project-Type,79818,51,The FA.gov team redacted this field in accordance with the exceptions outlined in the Foreign Aid Transparency and Accountability Act of 2016.,The FA.gov team redacted this field in accordance with the exceptions outlined in the Foreign Aid Transparency and Accountability Act of 2016.,redacted,NULL,2022-03-31,3,Disbursements,2021,03NOV2020,23596,27817,8,Project-type interventions - not Investment Related,,1155
724,ESP,Spain,2,Europe and Eurasia,4,High Income Country,HIC,2,STATE,Department of State,160,N/A,State Bureau - Other,8,Enterprises,19,Enterprises - United States,3990208,Enterprise - United States Redacted,3,Governance,151,Government and Civil Society,15150,Democratic participation and civil society,2,"Democracy, Human Rights, and Governance",46,"Democracy, Human Rights, and Governance - General",19x1121,"Department of State, Democracy Fund",2,Department of State,STATE,1,Economic,3,Project-Type,79818,51,The FA.gov team redacted this field in accordance with the exceptions outlined in the Foreign Aid Transparency and Accountability Act of 2016.,The FA.gov team redacted this field in accordance with the exceptions outlined in the Foreign Aid Transparency and Accountability Act of 2016.,redacted,NULL,2022-03-31,3,Disbursements,2021,04FEB2021,89454,105458,8,Project-type interventions - not Investment Related,,1155
724,ESP,Spain,2,Europe and Eurasia,4,High Income Country,HIC,2,STATE,Department of State,160,N/A,State Bureau - Other,8,Enterprises,19,Enterprises - United States,3990208,Enterprise - United States Redacted,3,Governance,151,Government and Civil Society,15150,Democratic participation and civil society,2,"Democracy, Human Rights, and Governance",46,"Democracy, Human Rights, and Governance - General",19x1121,"Department of State, Democracy Fund",2,Department of State,STATE,1,Economic,3,Project-Type,79818,51,The FA.gov team redacted this field in accordance with the exceptions outlined in the Foreign Aid Transparency and Accountability Act of 2016.,The FA.gov team redacted this field in accordance with the exceptions outlined in the Foreign Aid Transparency and Accountability Act of 2016.,redacted,NULL,2022-03-31,3,Disbursements,2021,08APR2021,4765,5617,8,Project-type interventions - not Investment Related,,1155
724,ESP,Spain,2,Europe and Eurasia,4,High Income Country,HIC,2,STATE,Department of State,160,N/A,State Bureau - Other,8,Enterprises,19,Enterprises - United States,3990208,Enterprise - United States Redacted,3,Governance,151,Government and Civil Society,15150,Democratic participation and civil society,2,"Democracy, Human Rights, and Governance",46,"Democracy, Human Rights, and Governance - General",19x1121,"Department of State, Democracy Fund",2,Department of State,STATE,1,Economic,3,Project-Type,79818,51,The FA.gov team redacted this field in accordance with the exceptions outlined in the Foreign Aid Transparency and Accountability Act of 2016.,The FA.gov team redacted this field in accordance with the exceptions outlined in the Foreign Aid Transparency and Accountability Act of 2016.,redacted,NULL,2022-03-31,3,Disbursements,2022,31MAR2022,-170,-188,8,Project-type interventions - not Investment Related,,1155
724,ESP,Spain,2,Europe and Eurasia,4,High Income Country,HIC,2,STATE,Department of State,160,N/A,State Bureau - Other,8,Enterprises,19,Enterprises - United States,3990208,Enterprise - United States Redacted,3,Governance,151,Government and Civil Society,15150,Democratic participation and civil society,2,"Democracy, Human Rights, and Governance",46,"Democracy, Human Rights, and Governance - General",19x1121,"Department of State, Democracy Fund",2,Department of State,STATE,1,Economic,3,Project-Type,80100,51,The FA.gov team redacted this field in accordance with the exceptions outlined in the Foreign Aid Transparency and Accountability Act of 2016.,The FA.gov team redacted this field in accordance with the exceptions outlined in the Foreign Aid Transparency and Accountability Act of 2016.,redacted,NULL,2021-03-08,3,Disbursements,2021,08MAR2021,674084,794684,8,Project-type interventions - not Investment Related,,1437
724,ESP,Spain,2,Europe and Eurasia,4,High Income Country,HIC,2,STATE,Department of State,160,N/A,State Bureau - Other,8,Enterprises,19,Enterprises - United States,3990208,Enterprise - United States Redacted,3,Governance,151,Government and Civil Society,15150,Democratic participation and civil society,2,"Democracy, Human Rights, and Governance",46,"Democracy, Human Rights, and Governance - General",19x1121,"Department of State, Democracy Fund",2,Department of State,STATE,1,Economic,3,Project-Type,80243,51,The FA.gov team redacted this field in accordance with the exceptions outlined in the Foreign Aid Transparency and Accountability Act of 2016.,The FA.gov team redacted this field in accordance with the exceptions outlined in the Foreign Aid Transparency and Accountability Act of 2016.,redacted,NULL,2021-10-07,3,Disbursements,2022,07OCT2021,713345,785437,8,Project-type interventions - not Investment Related,,1580
724,ESP,Spain,2,Europe and Eurasia,4,High Income Country,HIC,2,STATE,Department of State,160,N/A,State Bureau - Other,8,Enterprises,19,Enterprises - United States,3990208,Enterprise - United States Redacted,3,Governance,151,Government and Civil Society,15150,Democratic participation and civil society,2,"Democracy, Human Rights, and Governance",46,"Democracy, Human Rights, and Governance - General",19x1121,"Department of State, Democracy Fund",2,Department of State,STATE,1,Economic,3,Project-Type,80348,51,The FA.gov team redacted this field in accordance with the exceptions outlined in the Foreign Aid Transparency and Accountability Act of 2016.,The FA.gov team redacted this field in accordance with the exceptions outlined in the Foreign Aid Transparency and Accountability Act of 2016.,redacted,NULL,2022-03-16,3,Disbursements,2022,16MAR2022,748623,824281,8,Project-type interventions - not Investment Related,,1685
724,ESP,Spain,2,Europe and Eurasia,4,High Income Country,HIC,2,STATE,Department of State,160,N/A,State Bureau - Other,8,Enterprises,19,Enterprises - United States,3990208,Enterprise - United States Redacted,3,Governance,151,Government and Civil Society,15150,Democratic participation and civil society,2,"Democracy, Human Rights, and Governance",46,"Democracy, Human Rights, and Governance - General",19x1121,"Department of State, Democracy Fund",2,Department of State,STATE,1,Economic,3,Project-Type,80417,51,The FA.gov team redacted this field in accordance with the exceptions outlined in the Foreign Aid Transparency and Accountability Act of 2016.,The FA.gov team redacted this field in accordance with the exceptions outlined in the Foreign Aid Transparency and Accountability Act of 2016.,redacted,NULL,2022-07-01,3,Disbursements,2022,30JUN2022,476497,524653,8,Project-type interventions - not Investment Related,,1754
724,ESP,Spain,2,Europe and Eurasia,4,High Income Country,HIC,2,STATE,Department of State,160,N/A,State Bureau - Other,8,Enterprises,19,Enterprises - United States,3990208,Enterprise - United States Redacted,3,Governance,151,Government and Civil Society,15150,Democratic participation and civil society,2,"Democracy, Human Rights, and Governance",46,"Democracy, Human Rights, and Governance - General",19x1121,"Department of State, Democracy Fund",2,Department of State,STATE,1,Economic,3,Project-Type,80478,51,The FA.gov team redacted this field in accordance with the exceptions outlined in the Foreign Aid Transparency and Accountability Act of 2016.,The FA.gov team redacted this field in accordance with the exceptions outlined in the Foreign Aid Transparency and Accountability Act of 2016.,redacted,NULL,2022-09-27,3,Disbursements,2022,27SEP2022,1492506,1643342,8,Project-type interventions - not Investment Related,,1815
724,ESP,Spain,2,Europe and Eurasia,4,High Income Country,HIC,2,STATE,Department of State,160,N/A,State Bureau - Other,8,Enterprises,19,Enterprises - United States,3990208,Enterprise - United States Redacted,3,Governance,151,Government and Civil Society,15150,Democratic participation and civil society,2,"Democracy, Human Rights, and Governance",46,"Democracy, Human Rights, and Governance - General",19x1121,"Department of State, Democracy Fund",2,Department of State,STATE,1,Economic,3,Project-Type,80525,51,The FA.gov team redacted this field in accordance with the exceptions outlined in the Foreign Aid Transparency and Accountability Act of 2016.,The FA.gov team redacted this field in accordance with the exceptions outlined in the Foreign Aid Transparency and Accountability Act of 2016.,redacted,NULL,2022-12-12,3,Disbursements,2023,12DEC2022,799838,841742,8,Project-type interventions - not Investment Related,,1862
724,ESP,Spain,2,Europe and Eurasia,4,High Income Country,HIC,5,AGR,Department of Agriculture,2,APHIS,"Animal, Plant and Health Inspection Service",1,Government,1,Government - United States,1000002,U.S. Government - Department of Agriculture,6,Agriculture,310,Agriculture,31195,Livestock/veterinary services,5,Economic Development,29,Agriculture,12x1600,"Animal and Plant Health Inspection Service, Salaries and Expenses",5,Department of Agriculture,AGR,1,Economic,4,Technical Assistance,252627,85,Bovine TB,"WS is collaborating with Spains National Wildlife Research Institute on developing methods to reduce transmission of bovine tuberculosis from wildlife to livestock and Sanofi-Pasteur (Merial) to develop research collaborations on rabies vaccines. A WS SME visited Spain, France and Switzerland to set up trials, develop new protocols and complete a book chapter in conjunction with collaborators.",NULL,2012-10-01,NULL,2,Obligations,2012,,3500,4831,11,Technical Cooperation - Donor country personnel,,104
724,ESP,Spain,2,Europe and Eurasia,4,High Income Country,HIC,5,AGR,Department of Agriculture,2,APHIS,"Animal, Plant and Health Inspection Service",1,Government,1,Government - United States,1000002,U.S. Government - Department of Agriculture,6,Agriculture,310,Agriculture,31195,Livestock/veterinary services,5,Economic Development,29,Agriculture,12x1600,"Animal and Plant Health Inspection Service, Salaries and Expenses",5,Department of Agriculture,AGR,1,Economic,4,Technical Assistance,252627,85,Bovine TB,"WS is collaborating with Spains National Wildlife Research Institute on developing methods to reduce transmission of bovine tuberculosis from wildlife to livestock and Sanofi-Pasteur (Merial) to develop research collaborations on rabies vaccines. A WS SME visited Spain, France and Switzerland to set up trials, develop new protocols and complete a book chapter in conjunction with collaborators.",NULL,2012-10-01,NULL,3,Disbursements,2012,,3500,4831,11,Technical Cooperation - Donor country personnel,,104
724,ESP,Spain,2,Europe and Eurasia,4,High Income Country,HIC,5,AGR,Department of Agriculture,7,FSIS,Food Safety Inspection Service,1,Government,1,Government - United States,1000002,U.S. Government - Department of Agriculture,6,Agriculture,310,Agriculture,31110,Agricultural policy and administrative management,5,Economic Development,29,Agriculture,12x3700,Food Safety and Inspection Service,5,Department of Agriculture,AGR,1,Economic,4,Technical Assistance,6066,3,USAD/FSIS Fruit and Vegitable Programs,Technical assistance. From 09/07/2010 to 09/08/2010.,NULL,2010-09-07,2010-09-08,2,Obligations,2010,,407,584,11,Technical Cooperation - Donor country personnel,,5613
724,ESP,Spain,2,Europe and Eurasia,4,High Income Country,HIC,5,AGR,Department of Agriculture,7,FSIS,Food Safety Inspection Service,1,Government,1,Government - United States,1000002,U.S. Government - Department of Agriculture,6,Agriculture,310,Agriculture,31110,Agricultural policy and administrative management,5,Economic Development,29,Agriculture,12x3700,Food Safety and Inspection Service,5,Department of Agriculture,AGR,1,Economic,4,Technical Assistance,6066,3,USAD/FSIS Fruit and Vegitable Programs,Technical assistance. From 09/07/2010 to 09/08/2010.,NULL,2010-09-07,2010-09-08,3,Disbursements,2010,,407,584,11,Technical Cooperation - Donor country personnel,,5613
724,ESP,Spain,2,Europe and Eurasia,4,High Income Country,HIC,5,AGR,Department of Agriculture,999,NULL,not applicable,1,Government,1,Government - United States,1999999,U.S. Government - Other,7,Other,430,Other Multisector,43010,Multisector aid,5,Economic Development,25,Macroeconomic Foundation for Growth,12x2273,"Public Law 480 Title I Food for Progress Credits, Program Account",5,Department of Agriculture,AGR,1,Economic,3,Project-Type,70,1,Title I Food For Peace Loans (LCU),Title I Food For Peace Loans (LCU),NULL,NULL,NULL,2,Obligations,1955,,9800000,91962628,8,Project-type interventions - not Investment Related,,70
724,ESP,Spain,2,Europe and Eurasia,4,High Income Country,HIC,5,AGR,Department of Agriculture,999,NULL,not applicable,1,Government,1,Government - United States,1999999,U.S. Government - Other,7,Other,430,Other Multisector,43010,Multisector aid,5,Economic Development,25,Macroeconomic Foundation for Growth,12x2273,"Public Law 480 Title I Food for Progress Credits, Program Account",5,Department of Agriculture,AGR,1,Economic,3,Project-Type,70,1,Title I Food For Peace Loans (LCU),Title I Food For Peace Loans (LCU),NULL,NULL,NULL,2,Obligations,1956,,54300000,496854662,8,Project-type interventions - not Investment Related,,70
724,ESP,Spain,2,Europe and Eurasia,4,High Income Country,HIC,5,AGR,Department of Agriculture,999,NULL,not applicable,1,Government,1,Government - United States,1999999,U.S. Government - Other,7,Other,430,Other Multisector,43010,Multisector aid,5,Economic Development,25,Macroeconomic Foundation for Growth,12x2273,"Public Law 480 Title I Food for Progress Credits, Program Account",5,Department of Agriculture,AGR,1,Economic,3,Project-Type,70,1,Title I Food For Peace Loans (LCU),Title I Food For Peace Loans (LCU),NULL,NULL,NULL,2,Obligations,1957,,32200000,283925377,8,Project-type interventions - not Investment Related,,70
724,ESP,Spain,2,Europe and Eurasia,4,High Income Country,HIC,5,AGR,Department of Agriculture,999,NULL,not applicable,1,Government,1,Government - United States,1999999,U.S. Government - Other,7,Other,430,Other Multisector,43010,Multisector aid,5,Economic Development,25,Macroeconomic Foundation for Growth,12x2273,"Public Law 480 Title I Food for Progress Credits, Program Account",5,Department of Agriculture,AGR,1,Economic,3,Project-Type,70,1,Title I Food For Peace Loans (LCU),Title I Food For Peace Loans (LCU),NULL,NULL,NULL,2,Obligations,1958,,41800000,357776831,8,Project-type interventions - not Investment Related,,70
724,ESP,Spain,2,Europe and Eurasia,4,High Income Country,HIC,5,AGR,Department of Agriculture,999,NULL,not applicable,1,Government,1,Government - United States,1999999,U.S. Government - Other,7,Other,430,Other Multisector,43010,Multisector aid,5,Economic Development,25,Macroeconomic Foundation for Growth,12x2273,"Public Law 480 Title I Food for Progress Credits, Program Account",5,Department of Agriculture,AGR,1,Economic,3,Project-Type,70,1,Title I Food For Peace Loans (LCU),Title I Food For Peace Loans (LCU),NULL,NULL,NULL,2,Obligations,1959,,46000000,387787541,8,Project-type interventions - not Investment Related,,70
724,ESP,Spain,2,Europe and Eurasia,4,High Income Country,HIC,5,AGR,Department of Agriculture,999,NULL,not applicable,1,Government,1,Government - United States,1999999,U.S. Government - Other,7,Other,430,Other Multisector,43010,Multisector aid,5,Economic Development,25,Macroeconomic Foundation for Growth,12x2273,"Public Law 480 Title I Food for Progress Credits, Program Account",5,Department of Agriculture,AGR,1,Economic,3,Project-Type,70,1,Title I Food For Peace Loans (LCU),Title I Food For Peace Loans (LCU),NULL,NULL,NULL,2,Obligations,1960,,30000000,249469599,8,Project-type interventions - not Investment Related,,70
724,ESP,Spain,2,Europe and Eurasia,4,High Income Country,HIC,5,AGR,Department of Agriculture,999,NULL,not applicable,1,Government,1,Government - United States,1999999,U.S. Government - Other,7,Other,430,Other Multisector,43010,Multisector aid,5,Economic Development,25,Macroeconomic Foundation for Growth,12x2273,"Public Law 480 Title I Food for Progress Credits, Program Account",5,Department of Agriculture,AGR,1,Economic,3,Project-Type,70,1,Title I Food For Peace Loans (LCU),Title I Food For Peace Loans (LCU),NULL,NULL,NULL,2,Obligations,1961,,23300000,191158137,8,Project-type interventions - not Investment Related,,70
724,ESP,Spain,2,Europe and Eurasia,4,High Income Country,HIC,5,AGR,Department of Agriculture,999,NULL,not applicable,1,Government,1,Government - United States,1999999,U.S. Government - Other,7,Other,430,Other Multisector,43010,Multisector aid,5,Economic Development,25,Macroeconomic Foundation for Growth,12x2277,Public Law 480 Title I Direct Credit and Food for Progress Program Account,5,Department of Agriculture,AGR,1,Economic,3,Project-Type,71,1,Title I Food for Peace Grants (LCU),Title I Food for Peace Grants (LCU),NULL,NULL,NULL,2,Obligations,1957,,9900000,87293827,8,Project-type interventions - not Investment Related,,71
724,ESP,Spain,2,Europe and Eurasia,4,High Income Country,HIC,6,HHS,Department of Health and Human Services,46,FDA,Food and Drug Administration,1,Government,1,Government - United States,1000007,U.S. Government - Department of Health and Human Services,2,Health and Population,121,"Health, General",12110,Health policy and administrative management,3,Health,47,Health - General,75x0600,Food and Drug Administration,6,Department of Health and Human Services,HHS,1,Economic,4,Technical Assistance,43108,34,FDA: EU Good Clinical Practices (GCP)/Inspection Workshop,Workshop support and travel expenses for FDA staff to conduct training,NULL,NULL,NULL,2,Obligations,2009,,5562,8042,13,Technical Cooperation - Other,,240
724,ESP,Spain,2,Europe and Eurasia,4,High Income Country,HIC,6,HHS,Department of Health and Human Services,46,FDA,Food and Drug Administration,1,Government,1,Government - United States,1000007,U.S. Government - Department of Health and Human Services,2,Health and Population,121,"Health, General",12110,Health policy and administrative management,3,Health,47,Health - General,75x0600,Food and Drug Administration,6,Department of Health and Human Services,HHS,1,Economic,4,Technical Assistance,43108,34,FDA: EU Good Clinical Practices (GCP)/Inspection Workshop,Workshop support and travel expenses for FDA staff to conduct training,NULL,NULL,NULL,3,Disbursements,2009,,5562,8042,13,Technical Cooperation - Other,,240
724,ESP,Spain,2,Europe and Eurasia,4,High Income Country,HIC,7,DOD,Department of Defense,15,CN,Office of Counternarcotics,1,Government,1,Government - United States,1000003,U.S. Government - Department of Defense,3,Governance,160,Other Social Infrastructure and Services,16063,Narcotics control,1,Peace and Security,4,Counter-Narcotics,97x0105,"Department of Defense, Drug Interdiction and Counter-Drug Activities",7,Department of Defense,DOD,2,Military,4,Technical Assistance,19975,16,In-Country Counternarcotics Program,"In-Country Counternarcotics Program under U.S. European Command. The U.S. Department of Defense International Counter-Drug Program (ICDP) enables the Secretary of Defense to provide foreign governments with support, such as training and equipment, to combat illicit drug trafficking and transnational organized crime.",NULL,NULL,NULL,2,Obligations,2004,,1000,1630,13,Technical Cooperation - Other,,5
724,ESP,Spain,2,Europe and Eurasia,4,High Income Country,HIC,7,DOD,Department of Defense,15,CN,Office of Counternarcotics,1,Government,1,Government - United States,1000003,U.S. Government - Department of Defense,3,Governance,160,Other Social Infrastructure and Services,16063,Narcotics control,1,Peace and Security,4,Counter-Narcotics,97x0105,"Department of Defense, Drug Interdiction and Counter-Drug Activities",7,Department of Defense,DOD,2,Military,4,Technical Assistance,19975,16,In-Country Counternarcotics Program,"In-Country Counternarcotics Program under U.S. European Command. The U.S. Department of Defense International Counter-Drug Program (ICDP) enables the Secretary of Defense to provide foreign governments with support, such as training and equipment, to combat illicit drug trafficking and transnational organized crime.",NULL,NULL,NULL,2,Obligations,2006,,12000,18385,13,Technical Cooperation - Other,,5
724,ESP,Spain,2,Europe and Eurasia,4,High Income Country,HIC,7,DOD,Department of Defense,15,CN,Office of Counternarcotics,1,Government,1,Government - United States,1000003,U.S. Government - Department of Defense,3,Governance,160,Other Social Infrastructure and Services,16063,Narcotics control,1,Peace and Security,4,Counter-Narcotics,97x0105,"Department of Defense, Drug Interdiction and Counter-Drug Activities",7,Department of Defense,DOD,2,Military,4,Technical Assistance,19975,16,In-Country Counternarcotics Program,"In-Country Counternarcotics Program under U.S. European Command. The U.S. Department of Defense International Counter-Drug Program (ICDP) enables the Secretary of Defense to provide foreign governments with support, such as training and equipment, to combat illicit drug trafficking and transnational organized crime.",NULL,NULL,NULL,2,Obligations,2007,,156000,232607,13,Technical Cooperation - Other,,5
724,ESP,Spain,2,Europe and Eurasia,4,High Income Country,HIC,7,DOD,Department of Defense,15,CN,Office of Counternarcotics,1,Government,1,Government - United States,1000003,U.S. Government - Department of Defense,3,Governance,160,Other Social Infrastructure and Services,16063,Narcotics control,1,Peace and Security,4,Counter-Narcotics,97x0105,"Department of Defense, Drug Interdiction and Counter-Drug Activities",7,Department of Defense,DOD,2,Military,4,Technical Assistance,19975,16,In-Country Counternarcotics Program,"In-Country Counternarcotics Program under U.S. European Command. The U.S. Department of Defense International Counter-Drug Program (ICDP) enables the Secretary of Defense to provide foreign governments with support, such as training and equipment, to combat illicit drug trafficking and transnational organized crime.",NULL,NULL,NULL,2,Obligations,2008,,10000,14607,13,Technical Cooperation - Other,,5
724,ESP,Spain,2,Europe and Eurasia,4,High Income Country,HIC,7,DOD,Department of Defense,15,CN,Office of Counternarcotics,1,Government,1,Government - United States,1000003,U.S. Government - Department of Defense,3,Governance,160,Other Social Infrastructure and Services,16063,Narcotics control,1,Peace and Security,4,Counter-Narcotics,97x0105,"Department of Defense, Drug Interdiction and Counter-Drug Activities",7,Department of Defense,DOD,2,Military,4,Technical Assistance,19975,16,In-Country Counternarcotics Program,"In-Country Counternarcotics Program under U.S. European Command. The U.S. Department of Defense International Counter-Drug Program (ICDP) enables the Secretary of Defense to provide foreign governments with support, such as training and equipment, to combat illicit drug trafficking and transnational organized crime.",NULL,NULL,NULL,2,Obligations,2009,,12000,17351,13,Technical Cooperation - Other,,5
724,ESP,Spain,2,Europe and Eurasia,4,High Income Country,HIC,7,DOD,Department of Defense,15,CN,Office of Counternarcotics,1,Government,1,Government - United States,1000003,U.S. Government - Department of Defense,3,Governance,160,Other Social Infrastructure and Services,16063,Narcotics control,1,Peace and Security,4,Counter-Narcotics,97x0105,"Department of Defense, Drug Interdiction and Counter-Drug Activities",7,Department of Defense,DOD,2,Military,4,Technical Assistance,19975,16,In-Country Counternarcotics Program,"In-Country Counternarcotics Program under U.S. European Command. The U.S. Department of Defense International Counter-Drug Program (ICDP) enables the Secretary of Defense to provide foreign governments with support, such as training and equipment, to combat illicit drug trafficking and transnational organized crime.",NULL,NULL,NULL,2,Obligations,2015,,94000,123869,13,Technical Cooperation - Other,,5
724,ESP,Spain,2,Europe and Eurasia,4,High Income Country,HIC,7,DOD,Department of Defense,15,CN,Office of Counternarcotics,1,Government,1,Government - United States,1000003,U.S. Government - Department of Defense,3,Governance,160,Other Social Infrastructure and Services,16063,Narcotics control,1,Peace and Security,4,Counter-Narcotics,97x0105,"Department of Defense, Drug Interdiction and Counter-Drug Activities",7,Department of Defense,DOD,2,Military,4,Technical Assistance,19975,16,In-Country Counternarcotics Program,"In-Country Counternarcotics Program under U.S. European Command. The U.S. Department of Defense International Counter-Drug Program (ICDP) enables the Secretary of Defense to provide foreign governments with support, such as training and equipment, to combat illicit drug trafficking and transnational organized crime.",NULL,NULL,NULL,3,Disbursements,2004,,1000,1630,13,Technical Cooperation - Other,,5
724,ESP,Spain,2,Europe and Eurasia,4,High Income Country,HIC,7,DOD,Department of Defense,15,CN,Office of Counternarcotics,1,Government,1,Government - United States,1000003,U.S. Government - Department of Defense,3,Governance,160,Other Social Infrastructure and Services,16063,Narcotics control,1,Peace and Security,4,Counter-Narcotics,97x0105,"Department of Defense, Drug Interdiction and Counter-Drug Activities",7,Department of Defense,DOD,2,Military,4,Technical Assistance,19975,16,In-Country Counternarcotics Program,"In-Country Counternarcotics Program under U.S. European Command. The U.S. Department of Defense International Counter-Drug Program (ICDP) enables the Secretary of Defense to provide foreign governments with support, such as training and equipment, to combat illicit drug trafficking and transnational organized crime.",NULL,NULL,NULL,3,Disbursements,2006,,12000,18385,13,Technical Cooperation - Other,,5
724,ESP,Spain,2,Europe and Eurasia,4,High Income Country,HIC,7,DOD,Department of Defense,15,CN,Office of Counternarcotics,1,Government,1,Government - United States,1000003,U.S. Government - Department of Defense,3,Governance,160,Other Social Infrastructure and Services,16063,Narcotics control,1,Peace and Security,4,Counter-Narcotics,97x0105,"Department of Defense, Drug Interdiction and Counter-Drug Activities",7,Department of Defense,DOD,2,Military,4,Technical Assistance,19975,16,In-Country Counternarcotics Program,"In-Country Counternarcotics Program under U.S. European Command. The U.S. Department of Defense International Counter-Drug Program (ICDP) enables the Secretary of Defense to provide foreign governments with support, such as training and equipment, to combat illicit drug trafficking and transnational organized crime.",NULL,NULL,NULL,3,Disbursements,2007,,156000,232607,13,Technical Cooperation - Other,,5
724,ESP,Spain,2,Europe and Eurasia,4,High Income Country,HIC,7,DOD,Department of Defense,15,CN,Office of Counternarcotics,1,Government,1,Government - United States,1000003,U.S. Government - Department of Defense,3,Governance,160,Other Social Infrastructure and Services,16063,Narcotics control,1,Peace and Security,4,Counter-Narcotics,97x0105,"Department of Defense, Drug Interdiction and Counter-Drug Activities",7,Department of Defense,DOD,2,Military,4,Technical Assistance,19975,16,In-Country Counternarcotics Program,"In-Country Counternarcotics Program under U.S. European Command. The U.S. Department of Defense International Counter-Drug Program (ICDP) enables the Secretary of Defense to provide foreign governments with support, such as training and equipment, to combat illicit drug trafficking and transnational organized crime.",NULL,NULL,NULL,3,Disbursements,2008,,10000,14607,13,Technical Cooperation - Other,,5
724,ESP,Spain,2,Europe and Eurasia,4,High Income Country,HIC,7,DOD,Department of Defense,15,CN,Office of Counternarcotics,1,Government,1,Government - United States,1000003,U.S. Government - Department of Defense,3,Governance,160,Other Social Infrastructure and Services,16063,Narcotics control,1,Peace and Security,4,Counter-Narcotics,97x0105,"Department of Defense, Drug Interdiction and Counter-Drug Activities",7,Department of Defense,DOD,2,Military,4,Technical Assistance,19975,16,In-Country Counternarcotics Program,"In-Country Counternarcotics Program under U.S. European Command. The U.S. Department of Defense International Counter-Drug Program (ICDP) enables the Secretary of Defense to provide foreign governments with support, such as training and equipment, to combat illicit drug trafficking and transnational organized crime.",NULL,NULL,NULL,3,Disbursements,2009,,12000,17351,13,Technical Cooperation - Other,,5
724,ESP,Spain,2,Europe and Eurasia,4,High Income Country,HIC,7,DOD,Department of Defense,15,CN,Office of Counternarcotics,1,Government,1,Government - United States,1000003,U.S. Government - Department of Defense,3,Governance,160,Other Social Infrastructure and Services,16063,Narcotics control,1,Peace and Security,4,Counter-Narcotics,97x0105,"Department of Defense, Drug Interdiction and Counter-Drug Activities",7,Department of Defense,DOD,2,Military,4,Technical Assistance,19975,16,In-Country Counternarcotics Program,"In-Country Counternarcotics Program under U.S. European Command. The U.S. Department of Defense International Counter-Drug Program (ICDP) enables the Secretary of Defense to provide foreign governments with support, such as training and equipment, to combat illicit drug trafficking and transnational organized crime.",NULL,NULL,NULL,3,Disbursements,2015,,94000,123869,13,Technical Cooperation - Other,,5
724,ESP,Spain,2,Europe and Eurasia,4,High Income Country,HIC,7,DOD,Department of Defense,16,DSCA,Defense Security Cooperation Agency,1,Government,1,Government - United States,1000003,U.S. Government - Department of Defense,3,Governance,152,"Conflict, Peace, and Security",15210,Security system management and reform,1,Peace and Security,1,Counter-Terrorism,97x0100,"Department of Defense, Operation and Maintenance, Defense-Wide",7,Department of Defense,DOD,2,Military,3,Project-Type,295137,110,Combating Terrorism Fellowship Program (CTFP),"The Combating Terrorism Fellowship Program (CTFP) is a Secretary of Defense authority (Title 10) to build partnerships in the struggle against violent extremism through targeted, non-lethal, combating terrorism (CbT) education and training for mid- to senior-level international military officers, ministry of defense civilians, and security officials.",NULL,NULL,NULL,2,Obligations,2011,,34098,47919,8,Project-type interventions - not Investment Related,,1
724,ESP,Spain,2,Europe and Eurasia,4,High Income Country,HIC,7,DOD,Department of Defense,16,DSCA,Defense Security Cooperation Agency,1,Government,1,Government - United States,1000003,U.S. Government - Department of Defense,3,Governance,152,"Conflict, Peace, and Security",15210,Security system management and reform,1,Peace and Security,1,Counter-Terrorism,97x0100,"Department of Defense, Operation and Maintenance, Defense-Wide",7,Department of Defense,DOD,2,Military,3,Project-Type,295137,110,Combating Terrorism Fellowship Program (CTFP),"The Combating Terrorism Fellowship Program (CTFP) is a Secretary of Defense authority (Title 10) to build partnerships in the struggle against violent extremism through targeted, non-lethal, combating terrorism (CbT) education and training for mid- to senior-level international military officers, ministry of defense civilians, and security officials.",NULL,NULL,NULL,2,Obligations,2012,,59983,82794,8,Project-type interventions - not Investment Related,,1
724,ESP,Spain,2,Europe and Eurasia,4,High Income Country,HIC,7,DOD,Department of Defense,16,DSCA,Defense Security Cooperation Agency,1,Government,1,Government - United States,1000003,U.S. Government - Department of Defense,3,Governance,152,"Conflict, Peace, and Security",15210,Security system management and reform,1,Peace and Security,1,Counter-Terrorism,97x0100,"Department of Defense, Operation and Maintenance, Defense-Wide",7,Department of Defense,DOD,2,Military,3,Project-Type,295137,110,Combating Terrorism Fellowship Program (CTFP),"The Combating Terrorism Fellowship Program (CTFP) is a Secretary of Defense authority (Title 10) to build partnerships in the struggle against violent extremism through targeted, non-lethal, combating terrorism (CbT) education and training for mid- to senior-level international military officers, ministry of defense civilians, and security officials.",NULL,NULL,NULL,2,Obligations,2013,,29499,39991,8,Project-type interventions - not Investment Related,,1
724,ESP,Spain,2,Europe and Eurasia,4,High Income Country,HIC,7,DOD,Department of Defense,16,DSCA,Defense Security Cooperation Agency,1,Government,1,Government - United States,1000003,U.S. Government - Department of Defense,3,Governance,152,"Conflict, Peace, and Security",15210,Security system management and reform,1,Peace and Security,1,Counter-Terrorism,97x0100,"Department of Defense, Operation and Maintenance, Defense-Wide",7,Department of Defense,DOD,2,Military,3,Project-Type,295137,110,Combating Terrorism Fellowship Program (CTFP),"The Combating Terrorism Fellowship Program (CTFP) is a Secretary of Defense authority (Title 10) to build partnerships in the struggle against violent extremism through targeted, non-lethal, combating terrorism (CbT) education and training for mid- to senior-level international military officers, ministry of defense civilians, and security officials.",NULL,NULL,NULL,2,Obligations,2016,,16231,21219,8,Project-type interventions - not Investment Related,,1
724,ESP,Spain,2,Europe and Eurasia,4,High Income Country,HIC,7,DOD,Department of Defense,16,DSCA,Defense Security Cooperation Agency,1,Government,1,Government - United States,1000003,U.S. Government - Department of Defense,3,Governance,152,"Conflict, Peace, and Security",15210,Security system management and reform,1,Peace and Security,1,Counter-Terrorism,97x0100,"Department of Defense, Operation and Maintenance, Defense-Wide",7,Department of Defense,DOD,2,Military,3,Project-Type,295137,110,Combating Terrorism Fellowship Program (CTFP),"The Combating Terrorism Fellowship Program (CTFP) is a Secretary of Defense authority (Title 10) to build partnerships in the struggle against violent extremism through targeted, non-lethal, combating terrorism (CbT) education and training for mid- to senior-level international military officers, ministry of defense civilians, and security officials.",NULL,NULL,NULL,3,Disbursements,2011,,34098,47919,8,Project-type interventions - not Investment Related,,1
724,ESP,Spain,2,Europe and Eurasia,4,High Income Country,HIC,7,DOD,Department of Defense,16,DSCA,Defense Security Cooperation Agency,1,Government,1,Government - United States,1000003,U.S. Government - Department of Defense,3,Governance,152,"Conflict, Peace, and Security",15210,Security system management and reform,1,Peace and Security,1,Counter-Terrorism,97x0100,"Department of Defense, Operation and Maintenance, Defense-Wide",7,Department of Defense,DOD,2,Military,3,Project-Type,295137,110,Combating Terrorism Fellowship Program (CTFP),"The Combating Terrorism Fellowship Program (CTFP) is a Secretary of Defense authority (Title 10) to build partnerships in the struggle against violent extremism through targeted, non-lethal, combating terrorism (CbT) education and training for mid- to senior-level international military officers, ministry of defense civilians, and security officials.",NULL,NULL,NULL,3,Disbursements,2012,,59983,82794,8,Project-type interventions - not Investment Related,,1
724,ESP,Spain,2,Europe and Eurasia,4,High Income Country,HIC,7,DOD,Department of Defense,16,DSCA,Defense Security Cooperation Agency,1,Government,1,Government - United States,1000003,U.S. Government - Department of Defense,3,Governance,152,"Conflict, Peace, and Security",15210,Security system management and reform,1,Peace and Security,1,Counter-Terrorism,97x0100,"Department of Defense, Operation and Maintenance, Defense-Wide",7,Department of Defense,DOD,2,Military,3,Project-Type,295137,110,Combating Terrorism Fellowship Program (CTFP),"The Combating Terrorism Fellowship Program (CTFP) is a Secretary of Defense authority (Title 10) to build partnerships in the struggle against violent extremism through targeted, non-lethal, combating terrorism (CbT) education and training for mid- to senior-level international military officers, ministry of defense civilians, and security officials.",NULL,NULL,NULL,3,Disbursements,2013,,29499,39991,8,Project-type interventions - not Investment Related,,1
724,ESP,Spain,2,Europe and Eurasia,4,High Income Country,HIC,7,DOD,Department of Defense,16,DSCA,Defense Security Cooperation Agency,1,Government,1,Government - United States,1000003,U.S. Government - Department of Defense,3,Governance,152,"Conflict, Peace, and Security",15210,Security system management and reform,1,Peace and Security,1,Counter-Terrorism,97x0100,"Department of Defense, Operation and Maintenance, Defense-Wide",7,Department of Defense,DOD,2,Military,3,Project-Type,295137,110,Combating Terrorism Fellowship Program (CTFP),"The Combating Terrorism Fellowship Program (CTFP) is a Secretary of Defense authority (Title 10) to build partnerships in the struggle against violent extremism through targeted, non-lethal, combating terrorism (CbT) education and training for mid- to senior-level international military officers, ministry of defense civilians, and security officials.",NULL,NULL,NULL,3,Disbursements,2016,,16231,21219,8,Project-type interventions - not Investment Related,,1
724,ESP,Spain,2,Europe and Eurasia,4,High Income Country,HIC,7,DOD,Department of Defense,16,DSCA,Defense Security Cooperation Agency,1,Government,1,Government - United States,1000003,U.S. Government - Department of Defense,3,Governance,152,"Conflict, Peace, and Security",15210,Security system management and reform,1,Peace and Security,1,Counter-Terrorism,97x0118,"Department of Defense, Overseas Contingency Operations Transfer Fund",7,Department of Defense,DOD,2,Military,3,Project-Type,295137,110,Combating Terrorism Fellowship Program (CTFP),"The Combating Terrorism Fellowship Program (CTFP) is a Secretary of Defense authority (Title 10) to build partnerships in the struggle against violent extremism through targeted, non-lethal, combating terrorism (CbT) education and training for mid- to senior-level international military officers, ministry of defense civilians, and security officials.",NULL,NULL,NULL,2,Obligations,2015,,6749,8894,8,Project-type interventions - not Investment Related,,1
724,ESP,Spain,2,Europe and Eurasia,4,High Income Country,HIC,7,DOD,Department of Defense,16,DSCA,Defense Security Cooperation Agency,1,Government,1,Government - United States,1000003,U.S. Government - Department of Defense,3,Governance,152,"Conflict, Peace, and Security",15210,Security system management and reform,1,Peace and Security,1,Counter-Terrorism,97x0118,"Department of Defense, Overseas Contingency Operations Transfer Fund",7,Department of Defense,DOD,2,Military,3,Project-Type,295137,110,Combating Terrorism Fellowship Program (CTFP),"The Combating Terrorism Fellowship Program (CTFP) is a Secretary of Defense authority (Title 10) to build partnerships in the struggle against violent extremism through targeted, non-lethal, combating terrorism (CbT) education and training for mid- to senior-level international military officers, ministry of defense civilians, and security officials.",NULL,NULL,NULL,3,Disbursements,2015,,6749,8894,8,Project-type interventions - not Investment Related,,1
724,ESP,Spain,2,Europe and Eurasia,4,High Income Country,HIC,7,DOD,Department of Defense,16,DSCA,Defense Security Cooperation Agency,1,Government,1,Government - United States,1000003,U.S. Government - Department of Defense,3,Governance,152,"Conflict, Peace, and Security",15210,Security system management and reform,1,Peace and Security,3,Stabilization Operations and Security Sector Reform,11x1080,Military Assistance Programs (Old Code),7,Department of Defense,DOD,2,Military,3,Project-Type,37004,27,DOD - Military Assistance Program (MAP),The dollar amount of material and services (other than training)  delivered or expended against amounts programmed in the current fiscal year  or prior fiscal years.,NULL,NULL,NULL,2,Obligations,1970,,21803000,141636871,8,Project-type interventions - not Investment Related,,6
724,ESP,Spain,2,Europe and Eurasia,4,High Income Country,HIC,7,DOD,Department of Defense,16,DSCA,Defense Security Cooperation Agency,1,Government,1,Government - United States,1000003,U.S. Government - Department of Defense,3,Governance,152,"Conflict, Peace, and Security",15210,Security system management and reform,1,Peace and Security,3,Stabilization Operations and Security Sector Reform,11x1080,Military Assistance Programs (Old Code),7,Department of Defense,DOD,2,Military,3,Project-Type,37004,27,DOD - Military Assistance Program (MAP),The dollar amount of material and services (other than training)  delivered or expended against amounts programmed in the current fiscal year  or prior fiscal years.,NULL,NULL,NULL,2,Obligations,1971,,21486000,132800008,8,Project-type interventions - not Investment Related,,6
724,ESP,Spain,2,Europe and Eurasia,4,High Income Country,HIC,7,DOD,Department of Defense,16,DSCA,Defense Security Cooperation Agency,1,Government,1,Government - United States,1000003,U.S. Government - Department of Defense,3,Governance,152,"Conflict, Peace, and Security",15210,Security system management and reform,1,Peace and Security,3,Stabilization Operations and Security Sector Reform,11x1080,Military Assistance Programs (Old Code),7,Department of Defense,DOD,2,Military,3,Project-Type,37004,27,DOD - Military Assistance Program (MAP),The dollar amount of material and services (other than training)  delivered or expended against amounts programmed in the current fiscal year  or prior fiscal years.,NULL,NULL,NULL,2,Obligations,1972,,10145000,59855034,8,Project-type interventions - not Investment Related,,6
724,ESP,Spain,2,Europe and Eurasia,4,High Income Country,HIC,7,DOD,Department of Defense,16,DSCA,Defense Security Cooperation Agency,1,Government,1,Government - United States,1000003,U.S. Government - Department of Defense,3,Governance,152,"Conflict, Peace, and Security",15210,Security system management and reform,1,Peace and Security,3,Stabilization Operations and Security Sector Reform,11x1080,Military Assistance Programs (Old Code),7,Department of Defense,DOD,2,Military,3,Project-Type,37004,27,DOD - Military Assistance Program (MAP),The dollar amount of material and services (other than training)  delivered or expended against amounts programmed in the current fiscal year  or prior fiscal years.,NULL,NULL,NULL,2,Obligations,1973,,9016000,50994147,8,Project-type interventions - not Investment Related,,6
724,ESP,Spain,2,Europe and Eurasia,4,High Income Country,HIC,7,DOD,Department of Defense,16,DSCA,Defense Security Cooperation Agency,1,Government,1,Government - United States,1000003,U.S. Government - Department of Defense,3,Governance,152,"Conflict, Peace, and Security",15210,Security system management and reform,1,Peace and Security,3,Stabilization Operations and Security Sector Reform,11x1080,Military Assistance Programs (Old Code),7,Department of Defense,DOD,2,Military,3,Project-Type,37004,27,DOD - Military Assistance Program (MAP),The dollar amount of material and services (other than training)  delivered or expended against amounts programmed in the current fiscal year  or prior fiscal years.,NULL,NULL,NULL,2,Obligations,1974,,2790000,14730283,8,Project-type interventions - not Investment Related,,6
724,ESP,Spain,2,Europe and Eurasia,4,High Income Country,HIC,7,DOD,Department of Defense,16,DSCA,Defense Security Cooperation Agency,1,Government,1,Government - United States,1000003,U.S. Government - Department of Defense,3,Governance,152,"Conflict, Peace, and Security",15210,Security system management and reform,1,Peace and Security,3,Stabilization Operations and Security Sector Reform,11x1080,Military Assistance Programs (Old Code),7,Department of Defense,DOD,2,Military,3,Project-Type,37004,27,DOD - Military Assistance Program (MAP),The dollar amount of material and services (other than training)  delivered or expended against amounts programmed in the current fiscal year  or prior fiscal years.,NULL,NULL,NULL,2,Obligations,1975,,1308000,6258150,8,Project-type interventions - not Investment Related,,6
724,ESP,Spain,2,Europe and Eurasia,4,High Income Country,HIC,7,DOD,Department of Defense,16,DSCA,Defense Security Cooperation Agency,1,Government,1,Government - United States,1000003,U.S. Government - Department of Defense,3,Governance,152,"Conflict, Peace, and Security",15210,Security system management and reform,1,Peace and Security,3,Stabilization Operations and Security Sector Reform,11x1080,Military Assistance Programs (Old Code),7,Department of Defense,DOD,2,Military,3,Project-Type,37004,27,DOD - Military Assistance Program (MAP),The dollar amount of material and services (other than training)  delivered or expended against amounts programmed in the current fiscal year  or prior fiscal years.,NULL,NULL,NULL,2,Obligations,1976,,96000,429428,8,Project-type interventions - not Investment Related,,6
724,ESP,Spain,2,Europe and Eurasia,4,High Income Country,HIC,7,DOD,Department of Defense,16,DSCA,Defense Security Cooperation Agency,1,Government,1,Government - United States,1000003,U.S. Government - Department of Defense,3,Governance,152,"Conflict, Peace, and Security",15210,Security system management and reform,1,Peace and Security,3,Stabilization Operations and Security Sector Reform,11x1080,Military Assistance Programs (Old Code),7,Department of Defense,DOD,2,Military,3,Project-Type,37004,27,DOD - Military Assistance Program (MAP),The dollar amount of material and services (other than training)  delivered or expended against amounts programmed in the current fiscal year  or prior fiscal years.,NULL,NULL,NULL,2,Obligations,1977,,11618000,48462365,8,Project-type interventions - not Investment Related,,6
724,ESP,Spain,2,Europe and Eurasia,4,High Income Country,HIC,7,DOD,Department of Defense,16,DSCA,Defense Security Cooperation Agency,1,Government,1,Government - United States,1000003,U.S. Government - Department of Defense,3,Governance,152,"Conflict, Peace, and Security",15210,Security system management and reform,1,Peace and Security,3,Stabilization Operations and Security Sector Reform,11x1080,Military Assistance Programs (Old Code),7,Department of Defense,DOD,2,Military,3,Project-Type,37004,27,DOD - Military Assistance Program (MAP),The dollar amount of material and services (other than training)  delivered or expended against amounts programmed in the current fiscal year  or prior fiscal years.,NULL,NULL,NULL,2,Obligations,1978,,12975000,50716510,8,Project-type interventions - not Investment Related,,6
724,ESP,Spain,2,Europe and Eurasia,4,High Income Country,HIC,7,DOD,Department of Defense,16,DSCA,Defense Security Cooperation Agency,1,Government,1,Government - United States,1000003,U.S. Government - Department of Defense,3,Governance,152,"Conflict, Peace, and Security",15210,Security system management and reform,1,Peace and Security,3,Stabilization Operations and Security Sector Reform,11x1080,Military Assistance Programs (Old Code),7,Department of Defense,DOD,2,Military,3,Project-Type,37004,27,DOD - Military Assistance Program (MAP),The dollar amount of material and services (other than training)  delivered or expended against amounts programmed in the current fiscal year  or prior fiscal years.,NULL,NULL,NULL,2,Obligations,1979,,42903000,155150765,8,Project-type interventions - not Investment Related,,6
724,ESP,Spain,2,Europe and Eurasia,4,High Income Country,HIC,7,DOD,Department of Defense,16,DSCA,Defense Security Cooperation Agency,1,Government,1,Government - United States,1000003,U.S. Government - Department of Defense,3,Governance,152,"Conflict, Peace, and Security",15210,Security system management and reform,1,Peace and Security,3,Stabilization Operations and Security Sector Reform,11x1080,Military Assistance Programs (Old Code),7,Department of Defense,DOD,2,Military,3,Project-Type,37004,27,DOD - Military Assistance Program (MAP),The dollar amount of material and services (other than training)  delivered or expended against amounts programmed in the current fiscal year  or prior fiscal years.,NULL,NULL,NULL,2,Obligations,1980,,3898000,12965767,8,Project-type interventions - not Investment Related,,6
724,ESP,Spain,2,Europe and Eurasia,4,High Income Country,HIC,7,DOD,Department of Defense,16,DSCA,Defense Security Cooperation Agency,1,Government,1,Government - United States,1000003,U.S. Government - Department of Defense,3,Governance,152,"Conflict, Peace, and Security",15210,Security system management and reform,1,Peace and Security,3,Stabilization Operations and Security Sector Reform,11x1080,Military Assistance Programs (Old Code),7,Department of Defense,DOD,2,Military,3,Project-Type,37004,27,DOD - Military Assistance Program (MAP),The dollar amount of material and services (other than training)  delivered or expended against amounts programmed in the current fiscal year  or prior fiscal years.,NULL,NULL,NULL,2,Obligations,1981,,2814000,8524219,8,Project-type interventions - not Investment Related,,6
724,ESP,Spain,2,Europe and Eurasia,4,High Income Country,HIC,7,DOD,Department of Defense,16,DSCA,Defense Security Cooperation Agency,1,Government,1,Government - United States,1000003,U.S. Government - Department of Defense,3,Governance,152,"Conflict, Peace, and Security",15210,Security system management and reform,1,Peace and Security,3,Stabilization Operations and Security Sector Reform,11x1080,Military Assistance Programs (Old Code),7,Department of Defense,DOD,2,Military,3,Project-Type,37004,27,DOD - Military Assistance Program (MAP),The dollar amount of material and services (other than training)  delivered or expended against amounts programmed in the current fiscal year  or prior fiscal years.,NULL,NULL,NULL,2,Obligations,1982,,543000,1537962,8,Project-type interventions - not Investment Related,,6
724,ESP,Spain,2,Europe and Eurasia,4,High Income Country,HIC,7,DOD,Department of Defense,16,DSCA,Defense Security Cooperation Agency,1,Government,1,Government - United States,1000003,U.S. Government - Department of Defense,3,Governance,152,"Conflict, Peace, and Security",15210,Security system management and reform,1,Peace and Security,3,Stabilization Operations and Security Sector Reform,11x1080,Military Assistance Programs (Old Code),7,Department of Defense,DOD,2,Military,3,Project-Type,37004,27,DOD - Military Assistance Program (MAP),The dollar amount of material and services (other than training)  delivered or expended against amounts programmed in the current fiscal year  or prior fiscal years.,NULL,NULL,NULL,2,Obligations,1983,,325000,882035,8,Project-type interventions - not Investment Related,,6
724,ESP,Spain,2,Europe and Eurasia,4,High Income Country,HIC,7,DOD,Department of Defense,16,DSCA,Defense Security Cooperation Agency,1,Government,1,Government - United States,1000003,U.S. Government - Department of Defense,3,Governance,152,"Conflict, Peace, and Security",15210,Security system management and reform,1,Peace and Security,3,Stabilization Operations and Security Sector Reform,11x1080,Military Assistance Programs (Old Code),7,Department of Defense,DOD,2,Military,3,Project-Type,37004,27,DOD - Military Assistance Program (MAP),The dollar amount of material and services (other than training)  delivered or expended against amounts programmed in the current fiscal year  or prior fiscal years.,NULL,NULL,NULL,2,Obligations,1984,,71000,186015,8,Project-type interventions - not Investment Related,,6
724,ESP,Spain,2,Europe and Eurasia,4,High Income Country,HIC,7,DOD,Department of Defense,16,DSCA,Defense Security Cooperation Agency,1,Government,1,Government - United States,1000003,U.S. Government - Department of Defense,3,Governance,152,"Conflict, Peace, and Security",15210,Security system management and reform,1,Peace and Security,3,Stabilization Operations and Security Sector Reform,11x1081,International Military Education and Training,2,Department of State,STATE,2,Military,4,Technical Assistance,36999,27,DOD - International Military Education & Training (IMET) Program/Deliveries,"The dollar value allocated in any fiscal year for the training of foreign military students both overseas and in the continental United States, and the cost of training aids and materials associated with such training, for which the U.S. Government receives no dollar reimbursement.",NULL,NULL,NULL,2,Obligations,1970,,775000,5034563,13,Technical Cooperation - Other,,1
724,ESP,Spain,2,Europe and Eurasia,4,High Income Country,HIC,7,DOD,Department of Defense,16,DSCA,Defense Security Cooperation Agency,1,Government,1,Government - United States,1000003,U.S. Government - Department of Defense,3,Governance,152,"Conflict, Peace, and Security",15210,Security system management and reform,1,Peace and Security,3,Stabilization Operations and Security Sector Reform,11x1081,International Military Education and Training,2,Department of State,STATE,2,Military,4,Technical Assistance,36999,27,DOD - International Military Education & Training (IMET) Program/Deliveries,"The dollar value allocated in any fiscal year for the training of foreign military students both overseas and in the continental United States, and the cost of training aids and materials associated with such training, for which the U.S. Government receives no dollar reimbursement.",NULL,NULL,NULL,2,Obligations,1971,,1237000,7645612,13,Technical Cooperation - Other,,1
724,ESP,Spain,2,Europe and Eurasia,4,High Income Country,HIC,7,DOD,Department of Defense,16,DSCA,Defense Security Cooperation Agency,1,Government,1,Government - United States,1000003,U.S. Government - Department of Defense,3,Governance,152,"Conflict, Peace, and Security",15210,Security system management and reform,1,Peace and Security,3,Stabilization Operations and Security Sector Reform,11x1081,International Military Education and Training,2,Department of State,STATE,2,Military,4,Technical Assistance,36999,27,DOD - International Military Education & Training (IMET) Program/Deliveries,"The dollar value allocated in any fiscal year for the training of foreign military students both overseas and in the continental United States, and the cost of training aids and materials associated with such training, for which the U.S. Government receives no dollar reimbursement.",NULL,NULL,NULL,2,Obligations,1972,,890000,5250959,13,Technical Cooperation - Other,,1
724,ESP,Spain,2,Europe and Eurasia,4,High Income Country,HIC,7,DOD,Department of Defense,16,DSCA,Defense Security Cooperation Agency,1,Government,1,Government - United States,1000003,U.S. Government - Department of Defense,3,Governance,152,"Conflict, Peace, and Security",15210,Security system management and reform,1,Peace and Security,3,Stabilization Operations and Security Sector Reform,11x1081,International Military Education and Training,2,Department of State,STATE,2,Military,4,Technical Assistance,36999,27,DOD - International Military Education & Training (IMET) Program/Deliveries,"The dollar value allocated in any fiscal year for the training of foreign military students both overseas and in the continental United States, and the cost of training aids and materials associated with such training, for which the U.S. Government receives no dollar reimbursement.",NULL,NULL,NULL,2,Obligations,1973,,1147000,6487388,13,Technical Cooperation - Other,,1
724,ESP,Spain,2,Europe and Eurasia,4,High Income Country,HIC,7,DOD,Department of Defense,16,DSCA,Defense Security Cooperation Agency,1,Government,1,Government - United States,1000003,U.S. Government - Department of Defense,3,Governance,152,"Conflict, Peace, and Security",15210,Security system management and reform,1,Peace and Security,3,Stabilization Operations and Security Sector Reform,11x1081,International Military Education and Training,2,Department of State,STATE,2,Military,4,Technical Assistance,36999,27,DOD - International Military Education & Training (IMET) Program/Deliveries,"The dollar value allocated in any fiscal year for the training of foreign military students both overseas and in the continental United States, and the cost of training aids and materials associated with such training, for which the U.S. Government receives no dollar reimbursement.",NULL,NULL,NULL,2,Obligations,1974,,336000,1773970,13,Technical Cooperation - Other,,1
724,ESP,Spain,2,Europe and Eurasia,4,High Income Country,HIC,7,DOD,Department of Defense,16,DSCA,Defense Security Cooperation Agency,1,Government,1,Government - United States,1000003,U.S. Government - Department of Defense,3,Governance,152,"Conflict, Peace, and Security",15210,Security system management and reform,1,Peace and Security,3,Stabilization Operations and Security Sector Reform,11x1081,International Military Education and Training,2,Department of State,STATE,2,Military,4,Technical Assistance,36999,27,DOD - International Military Education & Training (IMET) Program/Deliveries,"The dollar value allocated in any fiscal year for the training of foreign military students both overseas and in the continental United States, and the cost of training aids and materials associated with such training, for which the U.S. Government receives no dollar reimbursement.",NULL,NULL,NULL,2,Obligations,1975,,1176000,5626593,13,Technical Cooperation - Other,,1
724,ESP,Spain,2,Europe and Eurasia,4,High Income Country,HIC,7,DOD,Department of Defense,16,DSCA,Defense Security Cooperation Agency,1,Government,1,Government - United States,1000003,U.S. Government - Department of Defense,3,Governance,152,"Conflict, Peace, and Security",15210,Security system management and reform,1,Peace and Security,3,Stabilization Operations and Security Sector Reform,11x1081,International Military Education and Training,2,Department of State,STATE,2,Military,4,Technical Assistance,36999,27,DOD - International Military Education & Training (IMET) Program/Deliveries,"The dollar value allocated in any fiscal year for the training of foreign military students both overseas and in the continental United States, and the cost of training aids and materials associated with such training, for which the U.S. Government receives no dollar reimbursement.",NULL,NULL,NULL,2,Obligations,1976,,506000,2263443,13,Technical Cooperation - Other,,1
724,ESP,Spain,2,Europe and Eurasia,4,High Income Country,HIC,7,DOD,Department of Defense,16,DSCA,Defense Security Cooperation Agency,1,Government,1,Government - United States,1000003,U.S. Government - Department of Defense,3,Governance,152,"Conflict, Peace, and Security",15210,Security system management and reform,1,Peace and Security,3,Stabilization Operations and Security Sector Reform,11x1081,International Military Education and Training,2,Department of State,STATE,2,Military,4,Technical Assistance,36999,27,DOD - International Military Education & Training (IMET) Program/Deliveries,"The dollar value allocated in any fiscal year for the training of foreign military students both overseas and in the continental United States, and the cost of training aids and materials associated with such training, for which the U.S. Government receives no dollar reimbursement.",NULL,NULL,NULL,2,Obligations,1977,,1969000,8213324,13,Technical Cooperation - Other,,1
724,ESP,Spain,2,Europe and Eurasia,4,High Income Country,HIC,7,DOD,Department of Defense,16,DSCA,Defense Security Cooperation Agency,1,Government,1,Government - United States,1000003,U.S. Government - Department of Defense,3,Governance,152,"Conflict, Peace, and Security",15210,Security system management and reform,1,Peace and Security,3,Stabilization Operations and Security Sector Reform,11x1081,International Military Education and Training,2,Department of State,STATE,2,Military,4,Technical Assistance,36999,27,DOD - International Military Education & Training (IMET) Program/Deliveries,"The dollar value allocated in any fiscal year for the training of foreign military students both overseas and in the continental United States, and the cost of training aids and materials associated with such training, for which the U.S. Government receives no dollar reimbursement.",NULL,NULL,NULL,2,Obligations,1978,,1772000,6926370,13,Technical Cooperation - Other,,1
724,ESP,Spain,2,Europe and Eurasia,4,High Income Country,HIC,7,DOD,Department of Defense,16,DSCA,Defense Security Cooperation Agency,1,Government,1,Government - United States,1000003,U.S. Government - Department of Defense,3,Governance,152,"Conflict, Peace, and Security",15210,Security system management and reform,1,Peace and Security,3,Stabilization Operations and Security Sector Reform,11x1081,International Military Education and Training,2,Department of State,STATE,2,Military,4,Technical Assistance,36999,27,DOD - International Military Education & Training (IMET) Program/Deliveries,"The dollar value allocated in any fiscal year for the training of foreign military students both overseas and in the continental United States, and the cost of training aids and materials associated with such training, for which the U.S. Government receives no dollar reimbursement.",NULL,NULL,NULL,2,Obligations,1979,,1737000,6281539,13,Technical Cooperation - Other,,1
724,ESP,Spain,2,Europe and Eurasia,4,High Income Country,HIC,7,DOD,Department of Defense,16,DSCA,Defense Security Cooperation Agency,1,Government,1,Government - United States,1000003,U.S. Government - Department of Defense,3,Governance,152,"Conflict, Peace, and Security",15210,Security system management and reform,1,Peace and Security,3,Stabilization Operations and Security Sector Reform,11x1081,International Military Education and Training,2,Department of State,STATE,2,Military,4,Technical Assistance,36999,27,DOD - International Military Education & Training (IMET) Program/Deliveries,"The dollar value allocated in any fiscal year for the training of foreign military students both overseas and in the continental United States, and the cost of training aids and materials associated with such training, for which the U.S. Government receives no dollar reimbursement.",NULL,NULL,NULL,2,Obligations,1980,,2119000,7048348,13,Technical Cooperation - Other,,1
724,ESP,Spain,2,Europe and Eurasia,4,High Income Country,HIC,7,DOD,Department of Defense,16,DSCA,Defense Security Cooperation Agency,1,Government,1,Government - United States,1000003,U.S. Government - Department of Defense,3,Governance,152,"Conflict, Peace, and Security",15210,Security system management and reform,1,Peace and Security,3,Stabilization Operations and Security Sector Reform,11x1081,International Military Education and Training,2,Department of State,STATE,2,Military,4,Technical Assistance,36999,27,DOD - International Military Education & Training (IMET) Program/Deliveries,"The dollar value allocated in any fiscal year for the training of foreign military students both overseas and in the continental United States, and the cost of training aids and materials associated with such training, for which the U.S. Government receives no dollar reimbursement.",NULL,NULL,NULL,2,Obligations,1981,,2450000,7421583,13,Technical Cooperation - Other,,1
724,ESP,Spain,2,Europe and Eurasia,4,High Income Country,HIC,7,DOD,Department of Defense,16,DSCA,Defense Security Cooperation Agency,1,Government,1,Government - United States,1000003,U.S. Government - Department of Defense,3,Governance,152,"Conflict, Peace, and Security",15210,Security system management and reform,1,Peace and Security,3,Stabilization Operations and Security Sector Reform,11x1081,International Military Education and Training,2,Department of State,STATE,2,Military,4,Technical Assistance,36999,27,DOD - International Military Education & Training (IMET) Program/Deliveries,"The dollar value allocated in any fiscal year for the training of foreign military students both overseas and in the continental United States, and the cost of training aids and materials associated with such training, for which the U.S. Government receives no dollar reimbursement.",NULL,NULL,NULL,2,Obligations,1982,,2016000,5710001,13,Technical Cooperation - Other,,1
724,ESP,Spain,2,Europe and Eurasia,4,High Income Country,HIC,7,DOD,Department of Defense,16,DSCA,Defense Security Cooperation Agency,1,Government,1,Government - United States,1000003,U.S. Government - Department of Defense,3,Governance,152,"Conflict, Peace, and Security",15210,Security system management and reform,1,Peace and Security,3,Stabilization Operations and Security Sector Reform,11x1081,International Military Education and Training,2,Department of State,STATE,2,Military,4,Technical Assistance,36999,27,DOD - International Military Education & Training (IMET) Program/Deliveries,"The dollar value allocated in any fiscal year for the training of foreign military students both overseas and in the continental United States, and the cost of training aids and materials associated with such training, for which the U.S. Government receives no dollar reimbursement.",NULL,NULL,NULL,2,Obligations,1983,,2401000,6516204,13,Technical Cooperation - Other,,1
724,ESP,Spain,2,Europe and Eurasia,4,High Income Country,HIC,7,DOD,Department of Defense,16,DSCA,Defense Security Cooperation Agency,1,Government,1,Government - United States,1000003,U.S. Government - Department of Defense,3,Governance,152,"Conflict, Peace, and Security",15210,Security system management and reform,1,Peace and Security,3,Stabilization Operations and Security Sector Reform,11x1081,International Military Education and Training,2,Department of State,STATE,2,Military,4,Technical Assistance,36999,27,DOD - International Military Education & Training (IMET) Program/Deliveries,"The dollar value allocated in any fiscal year for the training of foreign military students both overseas and in the continental United States, and the cost of training aids and materials associated with such training, for which the U.S. Government receives no dollar reimbursement.",NULL,NULL,NULL,2,Obligations,1984,,2904000,7608279,13,Technical Cooperation - Other,,1
724,ESP,Spain,2,Europe and Eurasia,4,High Income Country,HIC,7,DOD,Department of Defense,16,DSCA,Defense Security Cooperation Agency,1,Government,1,Government - United States,1000003,U.S. Government - Department of Defense,3,Governance,152,"Conflict, Peace, and Security",15210,Security system management and reform,1,Peace and Security,3,Stabilization Operations and Security Sector Reform,11x1081,International Military Education and Training,2,Department of State,STATE,2,Military,4,Technical Assistance,36999,27,DOD - International Military Education & Training (IMET) Program/Deliveries,"The dollar value allocated in any fiscal year for the training of foreign military students both overseas and in the continental United States, and the cost of training aids and materials associated with such training, for which the U.S. Government receives no dollar reimbursement.",NULL,NULL,NULL,2,Obligations,1985,,2867000,7268419,13,Technical Cooperation - Other,,1
724,ESP,Spain,2,Europe and Eurasia,4,High Income Country,HIC,7,DOD,Department of Defense,16,DSCA,Defense Security Cooperation Agency,1,Government,1,Government - United States,1000003,U.S. Government - Department of Defense,3,Governance,152,"Conflict, Peace, and Security",15210,Security system management and reform,1,Peace and Security,3,Stabilization Operations and Security Sector Reform,11x1081,International Military Education and Training,2,Department of State,STATE,2,Military,4,Technical Assistance,36999,27,DOD - International Military Education & Training (IMET) Program/Deliveries,"The dollar value allocated in any fiscal year for the training of foreign military students both overseas and in the continental United States, and the cost of training aids and materials associated with such training, for which the U.S. Government receives no dollar reimbursement.",NULL,NULL,NULL,2,Obligations,1986,,2276000,5643251,13,Technical Cooperation - Other,,1
724,ESP,Spain,2,Europe and Eurasia,4,High Income Country,HIC,7,DOD,Department of Defense,16,DSCA,Defense Security Cooperation Agency,1,Government,1,Government - United States,1000003,U.S. Government - Department of Defense,3,Governance,152,"Conflict, Peace, and Security",15210,Security system management and reform,1,Peace and Security,3,Stabilization Operations and Security Sector Reform,11x1081,International Military Education and Training,2,Department of State,STATE,2,Military,4,Technical Assistance,36999,27,DOD - International Military Education & Training (IMET) Program/Deliveries,"The dollar value allocated in any fiscal year for the training of foreign military students both overseas and in the continental United States, and the cost of training aids and materials associated with such training, for which the U.S. Government receives no dollar reimbursement.",NULL,NULL,NULL,2,Obligations,1987,,2825000,6851198,13,Technical Cooperation - Other,,1
724,ESP,Spain,2,Europe and Eurasia,4,High Income Country,HIC,7,DOD,Department of Defense,16,DSCA,Defense Security Cooperation Agency,1,Government,1,Government - United States,1000003,U.S. Government - Department of Defense,3,Governance,152,"Conflict, Peace, and Security",15210,Security system management and reform,1,Peace and Security,3,Stabilization Operations and Security Sector Reform,11x1081,International Military Education and Training,2,Department of State,STATE,2,Military,4,Technical Assistance,36999,27,DOD - International Military Education & Training (IMET) Program/Deliveries,"The dollar value allocated in any fiscal year for the training of foreign military students both overseas and in the continental United States, and the cost of training aids and materials associated with such training, for which the U.S. Government receives no dollar reimbursement.",NULL,NULL,NULL,2,Obligations,1988,,2431000,5710385,13,Technical Cooperation - Other,,1
724,ESP,Spain,2,Europe and Eurasia,4,High Income Country,HIC,7,DOD,Department of Defense,16,DSCA,Defense Security Cooperation Agency,1,Government,1,Government - United States,1000003,U.S. Government - Department of Defense,3,Governance,152,"Conflict, Peace, and Security",15210,Security system management and reform,1,Peace and Security,3,Stabilization Operations and Security Sector Reform,11x1081,International Military Education and Training,2,Department of State,STATE,2,Military,4,Technical Assistance,36999,27,DOD - International Military Education & Training (IMET) Program/Deliveries,"The dollar value allocated in any fiscal year for the training of foreign military students both overseas and in the continental United States, and the cost of training aids and materials associated with such training, for which the U.S. Government receives no dollar reimbursement.",NULL,NULL,NULL,2,Obligations,1989,,1887000,4260497,13,Technical Cooperation - Other,,1
724,ESP,Spain,2,Europe and Eurasia,4,High Income Country,HIC,7,DOD,Department of Defense,16,DSCA,Defense Security Cooperation Agency,1,Government,1,Government - United States,1000003,U.S. Government - Department of Defense,3,Governance,152,"Conflict, Peace, and Security",15210,Security system management and reform,1,Peace and Security,3,Stabilization Operations and Security Sector Reform,11x1081,International Military Education and Training,2,Department of State,STATE,2,Military,4,Technical Assistance,36999,27,DOD - International Military Education & Training (IMET) Program/Deliveries,"The dollar value allocated in any fiscal year for the training of foreign military students both overseas and in the continental United States, and the cost of training aids and materials associated with such training, for which the U.S. Government receives no dollar reimbursement.",NULL,NULL,NULL,2,Obligations,1990,,1955000,4258468,13,Technical Cooperation - Other,,1
724,ESP,Spain,2,Europe and Eurasia,4,High Income Country,HIC,7,DOD,Department of Defense,16,DSCA,Defense Security Cooperation Agency,1,Government,1,Government - United States,1000003,U.S. Government - Department of Defense,3,Governance,152,"Conflict, Peace, and Security",15210,Security system management and reform,1,Peace and Security,3,Stabilization Operations and Security Sector Reform,11x1081,International Military Education and Training,2,Department of State,STATE,2,Military,4,Technical Assistance,36999,27,DOD - International Military Education & Training (IMET) Program/Deliveries,"The dollar value allocated in any fiscal year for the training of foreign military students both overseas and in the continental United States, and the cost of training aids and materials associated with such training, for which the U.S. Government receives no dollar reimbursement.",NULL,NULL,NULL,2,Obligations,1991,,1507000,3169310,13,Technical Cooperation - Other,,1
724,ESP,Spain,2,Europe and Eurasia,4,High Income Country,HIC,7,DOD,Department of Defense,16,DSCA,Defense Security Cooperation Agency,1,Government,1,Government - United States,1000003,U.S. Government - Department of Defense,3,Governance,152,"Conflict, Peace, and Security",15210,Security system management and reform,1,Peace and Security,3,Stabilization Operations and Security Sector Reform,11x1081,International Military Education and Training,2,Department of State,STATE,2,Military,4,Technical Assistance,36999,27,DOD - International Military Education & Training (IMET) Program/Deliveries,"The dollar value allocated in any fiscal year for the training of foreign military students both overseas and in the continental United States, and the cost of training aids and materials associated with such training, for which the U.S. Government receives no dollar reimbursement.",NULL,NULL,NULL,2,Obligations,1992,,928000,1903985,13,Technical Cooperation - Other,,1
724,ESP,Spain,2,Europe and Eurasia,4,High Income Country,HIC,7,DOD,Department of Defense,16,DSCA,Defense Security Cooperation Agency,1,Government,1,Government - United States,1000003,U.S. Government - Department of Defense,3,Governance,152,"Conflict, Peace, and Security",15210,Security system management and reform,1,Peace and Security,3,Stabilization Operations and Security Sector Reform,11x1081,International Military Education and Training,2,Department of State,STATE,2,Military,4,Technical Assistance,36999,27,DOD - International Military Education & Training (IMET) Program/Deliveries,"The dollar value allocated in any fiscal year for the training of foreign military students both overseas and in the continental United States, and the cost of training aids and materials associated with such training, for which the U.S. Government receives no dollar reimbursement.",NULL,NULL,NULL,2,Obligations,1993,,240000,481123,13,Technical Cooperation - Other,,1
724,ESP,Spain,2,Europe and Eurasia,4,High Income Country,HIC,7,DOD,Department of Defense,16,DSCA,Defense Security Cooperation Agency,1,Government,1,Government - United States,1000003,U.S. Government - Department of Defense,3,Governance,152,"Conflict, Peace, and Security",15210,Security system management and reform,1,Peace and Security,3,Stabilization Operations and Security Sector Reform,11x1081,International Military Education and Training,2,Department of State,STATE,2,Military,4,Technical Assistance,36999,27,DOD - International Military Education & Training (IMET) Program/Deliveries,"The dollar value allocated in any fiscal year for the training of foreign military students both overseas and in the continental United States, and the cost of training aids and materials associated with such training, for which the U.S. Government receives no dollar reimbursement.",NULL,NULL,NULL,2,Obligations,1994,,49000,96131,13,Technical Cooperation - Other,,1
724,ESP,Spain,2,Europe and Eurasia,4,High Income Country,HIC,7,DOD,Department of Defense,16,DSCA,Defense Security Cooperation Agency,1,Government,1,Government - United States,1000003,U.S. Government - Department of Defense,3,Governance,152,"Conflict, Peace, and Security",15210,Security system management and reform,1,Peace and Security,3,Stabilization Operations and Security Sector Reform,11x1081,International Military Education and Training,2,Department of State,STATE,2,Military,4,Technical Assistance,36999,27,DOD - International Military Education & Training (IMET) Program/Deliveries,"The dollar value allocated in any fiscal year for the training of foreign military students both overseas and in the continental United States, and the cost of training aids and materials associated with such training, for which the U.S. Government receives no dollar reimbursement.",NULL,NULL,NULL,2,Obligations,1995,,52000,99897,13,Technical Cooperation - Other,,1
724,ESP,Spain,2,Europe and Eurasia,4,High Income Country,HIC,7,DOD,Department of Defense,16,DSCA,Defense Security Cooperation Agency,1,Government,1,Government - United States,1000003,U.S. Government - Department of Defense,3,Governance,152,"Conflict, Peace, and Security",15210,Security system management and reform,1,Peace and Security,3,Stabilization Operations and Security Sector Reform,11x1081,International Military Education and Training,2,Department of State,STATE,2,Military,4,Technical Assistance,36999,27,DOD - International Military Education & Training (IMET) Program/Deliveries,"The dollar value allocated in any fiscal year for the training of foreign military students both overseas and in the continental United States, and the cost of training aids and materials associated with such training, for which the U.S. Government receives no dollar reimbursement.",NULL,NULL,NULL,2,Obligations,1996,,49000,92394,13,Technical Cooperation - Other,,1
724,ESP,Spain,2,Europe and Eurasia,4,High Income Country,HIC,7,DOD,Department of Defense,16,DSCA,Defense Security Cooperation Agency,1,Government,1,Government - United States,1000003,U.S. Government - Department of Defense,3,Governance,152,"Conflict, Peace, and Security",15210,Security system management and reform,1,Peace and Security,3,Stabilization Operations and Security Sector Reform,11x1085,"Foreign Military Financing, Direct Loan Program Account",2,Department of State,STATE,2,Military,3,Project-Type,37002,27,"DOD - Foreign Military Financing (FMF) Program, DOD Direct","The amount of credit extended to a foreign government or international organization in any fiscal year for the procurement of defense articles, defense services, and design and construction services.",NULL,NULL,NULL,2,Obligations,1985,,400000000,1014080063,8,Project-type interventions - not Investment Related,,4
724,ESP,Spain,2,Europe and Eurasia,4,High Income Country,HIC,7,DOD,Department of Defense,16,DSCA,Defense Security Cooperation Agency,1,Government,1,Government - United States,1000003,U.S. Government - Department of Defense,3,Governance,152,"Conflict, Peace, and Security",15210,Security system management and reform,1,Peace and Security,3,Stabilization Operations and Security Sector Reform,11x1085,"Foreign Military Financing, Direct Loan Program Account",2,Department of State,STATE,2,Military,3,Project-Type,37002,27,"DOD - Foreign Military Financing (FMF) Program, DOD Direct","The amount of credit extended to a foreign government or international organization in any fiscal year for the procurement of defense articles, defense services, and design and construction services.",NULL,NULL,NULL,2,Obligations,1986,,382800000,949137281,8,Project-type interventions - not Investment Related,,4
724,ESP,Spain,2,Europe and Eurasia,4,High Income Country,HIC,7,DOD,Department of Defense,16,DSCA,Defense Security Cooperation Agency,1,Government,1,Government - United States,1000003,U.S. Government - Department of Defense,3,Governance,152,"Conflict, Peace, and Security",15210,Security system management and reform,1,Peace and Security,3,Stabilization Operations and Security Sector Reform,11x1085,"Foreign Military Financing, Direct Loan Program Account",2,Department of State,STATE,2,Military,3,Project-Type,37002,27,"DOD - Foreign Military Financing (FMF) Program, DOD Direct","The amount of credit extended to a foreign government or international organization in any fiscal year for the procurement of defense articles, defense services, and design and construction services.",NULL,NULL,NULL,2,Obligations,1987,,105000000,254646293,8,Project-type interventions - not Investment Related,,4
724,ESP,Spain,2,Europe and Eurasia,4,High Income Country,HIC,7,DOD,Department of Defense,16,DSCA,Defense Security Cooperation Agency,1,Government,1,Government - United States,1000003,U.S. Government - Department of Defense,3,Governance,152,"Conflict, Peace, and Security",15210,Security system management and reform,1,Peace and Security,3,Stabilization Operations and Security Sector Reform,11x1085,"Foreign Military Financing, Direct Loan Program Account",2,Department of State,STATE,2,Military,3,Project-Type,37003,27,"DOD - Foreign Military Financing (FMF) Program, DOD Guaranty","The amount of credit extended to a foreign government or international organization in any fiscal year for the procurement of defense articles, defense services, and design and construction services.",NULL,NULL,NULL,2,Obligations,1977,,120000000,500558079,8,Project-type interventions - not Investment Related,,5
724,ESP,Spain,2,Europe and Eurasia,4,High Income Country,HIC,7,DOD,Department of Defense,16,DSCA,Defense Security Cooperation Agency,1,Government,1,Government - United States,1000003,U.S. Government - Department of Defense,3,Governance,152,"Conflict, Peace, and Security",15210,Security system management and reform,1,Peace and Security,3,Stabilization Operations and Security Sector Reform,11x1085,"Foreign Military Financing, Direct Loan Program Account",2,Department of State,STATE,2,Military,3,Project-Type,37003,27,"DOD - Foreign Military Financing (FMF) Program, DOD Guaranty","The amount of credit extended to a foreign government or international organization in any fiscal year for the procurement of defense articles, defense services, and design and construction services.",NULL,NULL,NULL,2,Obligations,1978,,120000000,469054424,8,Project-type interventions - not Investment Related,,5
724,ESP,Spain,2,Europe and Eurasia,4,High Income Country,HIC,7,DOD,Department of Defense,16,DSCA,Defense Security Cooperation Agency,1,Government,1,Government - United States,1000003,U.S. Government - Department of Defense,3,Governance,152,"Conflict, Peace, and Security",15210,Security system management and reform,1,Peace and Security,3,Stabilization Operations and Security Sector Reform,11x1085,"Foreign Military Financing, Direct Loan Program Account",2,Department of State,STATE,2,Military,3,Project-Type,37003,27,"DOD - Foreign Military Financing (FMF) Program, DOD Guaranty","The amount of credit extended to a foreign government or international organization in any fiscal year for the procurement of defense articles, defense services, and design and construction services.",NULL,NULL,NULL,2,Obligations,1979,,120000000,433957806,8,Project-type interventions - not Investment Related,,5
724,ESP,Spain,2,Europe and Eurasia,4,High Income Country,HIC,7,DOD,Department of Defense,16,DSCA,Defense Security Cooperation Agency,1,Government,1,Government - United States,1000003,U.S. Government - Department of Defense,3,Governance,152,"Conflict, Peace, and Security",15210,Security system management and reform,1,Peace and Security,3,Stabilization Operations and Security Sector Reform,11x1085,"Foreign Military Financing, Direct Loan Program Account",2,Department of State,STATE,2,Military,3,Project-Type,37003,27,"DOD - Foreign Military Financing (FMF) Program, DOD Guaranty","The amount of credit extended to a foreign government or international organization in any fiscal year for the procurement of defense articles, defense services, and design and construction services.",NULL,NULL,NULL,2,Obligations,1980,,120000000,399151358,8,Project-type interventions - not Investment Related,,5
724,ESP,Spain,2,Europe and Eurasia,4,High Income Country,HIC,7,DOD,Department of Defense,16,DSCA,Defense Security Cooperation Agency,1,Government,1,Government - United States,1000003,U.S. Government - Department of Defense,3,Governance,152,"Conflict, Peace, and Security",15210,Security system management and reform,1,Peace and Security,3,Stabilization Operations and Security Sector Reform,11x1085,"Foreign Military Financing, Direct Loan Program Account",2,Department of State,STATE,2,Military,3,Project-Type,37003,27,"DOD - Foreign Military Financing (FMF) Program, DOD Guaranty","The amount of credit extended to a foreign government or international organization in any fiscal year for the procurement of defense articles, defense services, and design and construction services.",NULL,NULL,NULL,2,Obligations,1981,,120000000,363506126,8,Project-type interventions - not Investment Related,,5
724,ESP,Spain,2,Europe and Eurasia,4,High Income Country,HIC,7,DOD,Department of Defense,16,DSCA,Defense Security Cooperation Agency,1,Government,1,Government - United States,1000003,U.S. Government - Department of Defense,3,Governance,152,"Conflict, Peace, and Security",15210,Security system management and reform,1,Peace and Security,3,Stabilization Operations and Security Sector Reform,11x1085,"Foreign Military Financing, Direct Loan Program Account",2,Department of State,STATE,2,Military,3,Project-Type,37003,27,"DOD - Foreign Military Financing (FMF) Program, DOD Guaranty","The amount of credit extended to a foreign government or international organization in any fiscal year for the procurement of defense articles, defense services, and design and construction services.",NULL,NULL,NULL,2,Obligations,1982,,125000000,354042741,8,Project-type interventions - not Investment Related,,5
724,ESP,Spain,2,Europe and Eurasia,4,High Income Country,HIC,7,DOD,Department of Defense,16,DSCA,Defense Security Cooperation Agency,1,Government,1,Government - United States,1000003,U.S. Government - Department of Defense,3,Governance,152,"Conflict, Peace, and Security",15210,Security system management and reform,1,Peace and Security,3,Stabilization Operations and Security Sector Reform,11x1085,"Foreign Military Financing, Direct Loan Program Account",2,Department of State,STATE,2,Military,3,Project-Type,37003,27,"DOD - Foreign Military Financing (FMF) Program, DOD Guaranty","The amount of credit extended to a foreign government or international organization in any fiscal year for the procurement of defense articles, defense services, and design and construction services.",NULL,NULL,NULL,2,Obligations,1983,,400000000,1085581592,8,Project-type interventions - not Investment Related,,5
724,ESP,Spain,2,Europe and Eurasia,4,High Income Country,HIC,7,DOD,Department of Defense,16,DSCA,Defense Security Cooperation Agency,1,Government,1,Government - United States,1000003,U.S. Government - Department of Defense,3,Governance,152,"Conflict, Peace, and Security",15210,Security system management and reform,1,Peace and Security,3,Stabilization Operations and Security Sector Reform,11x1085,"Foreign Military Financing, Direct Loan Program Account",2,Department of State,STATE,2,Military,3,Project-Type,37003,27,"DOD - Foreign Military Financing (FMF) Program, DOD Guaranty","The amount of credit extended to a foreign government or international organization in any fiscal year for the procurement of defense articles, defense services, and design and construction services.",NULL,NULL,NULL,2,Obligations,1984,,400000000,1047972284,8,Project-type interventions - not Investment Related,,5
724,ESP,Spain,2,Europe and Eurasia,4,High Income Country,HIC,7,DOD,Department of Defense,16,DSCA,Defense Security Cooperation Agency,1,Government,1,Government - United States,1000003,U.S. Government - Department of Defense,3,Governance,152,"Conflict, Peace, and Security",15210,Security system management and reform,1,Peace and Security,3,Stabilization Operations and Security Sector Reform,97x0100,"Department of Defense, Operation and Maintenance, Defense-Wide",7,Department of Defense,DOD,2,Military,3,Project-Type,295139,110,Combating Terrorism Fellowship Program (CTFP),"The Combating Terrorism Fellowship Program (CTFP) is a Secretary of Defense authority (Title 10) to build partnerships in the struggle against violent extremism through targeted, non-lethal, combating terrorism (CbT) education and training for mid- to senior-level international military officers, ministry of defense civilians, and security officials.",NULL,2017-10-01,2018-09-30,2,Obligations,2018,30JUN2018,18149,22826,8,Project-type interventions - not Investment Related,,3
724,ESP,Spain,2,Europe and Eurasia,4,High Income Country,HIC,7,DOD,Department of Defense,16,DSCA,Defense Security Cooperation Agency,1,Government,1,Government - United States,1000003,U.S. Government - Department of Defense,3,Governance,152,"Conflict, Peace, and Security",15210,Security system management and reform,1,Peace and Security,3,Stabilization Operations and Security Sector Reform,97x0100,"Department of Defense, Operation and Maintenance, Defense-Wide",7,Department of Defense,DOD,2,Military,3,Project-Type,295139,110,Combating Terrorism Fellowship Program (CTFP),"The Combating Terrorism Fellowship Program (CTFP) is a Secretary of Defense authority (Title 10) to build partnerships in the struggle against violent extremism through targeted, non-lethal, combating terrorism (CbT) education and training for mid- to senior-level international military officers, ministry of defense civilians, and security officials.",NULL,2017-10-01,2018-09-30,2,Obligations,2018,30SEP2018,65505,82384,8,Project-type interventions - not Investment Related,,3
724,ESP,Spain,2,Europe and Eurasia,4,High Income Country,HIC,7,DOD,Department of Defense,16,DSCA,Defense Security Cooperation Agency,1,Government,1,Government - United States,1000003,U.S. Government - Department of Defense,3,Governance,152,"Conflict, Peace, and Security",15210,Security system management and reform,1,Peace and Security,3,Stabilization Operations and Security Sector Reform,97x0100,"Department of Defense, Operation and Maintenance, Defense-Wide",7,Department of Defense,DOD,2,Military,3,Project-Type,295139,110,Combating Terrorism Fellowship Program (CTFP),"The Combating Terrorism Fellowship Program (CTFP) is a Secretary of Defense authority (Title 10) to build partnerships in the struggle against violent extremism through targeted, non-lethal, combating terrorism (CbT) education and training for mid- to senior-level international military officers, ministry of defense civilians, and security officials.",NULL,2017-10-01,2018-09-30,3,Disbursements,2018,30JUN2018,18149,22826,8,Project-type interventions - not Investment Related,,3
724,ESP,Spain,2,Europe and Eurasia,4,High Income Country,HIC,7,DOD,Department of Defense,16,DSCA,Defense Security Cooperation Agency,1,Government,1,Government - United States,1000003,U.S. Government - Department of Defense,3,Governance,152,"Conflict, Peace, and Security",15210,Security system management and reform,1,Peace and Security,3,Stabilization Operations and Security Sector Reform,97x0100,"Department of Defense, Operation and Maintenance, Defense-Wide",7,Department of Defense,DOD,2,Military,3,Project-Type,295139,110,Combating Terrorism Fellowship Program (CTFP),"The Combating Terrorism Fellowship Program (CTFP) is a Secretary of Defense authority (Title 10) to build partnerships in the struggle against violent extremism through targeted, non-lethal, combating terrorism (CbT) education and training for mid- to senior-level international military officers, ministry of defense civilians, and security officials.",NULL,2017-10-01,2018-09-30,3,Disbursements,2018,30SEP2018,65505,82384,8,Project-type interventions - not Investment Related,,3
724,ESP,Spain,2,Europe and Eurasia,4,High Income Country,HIC,7,DOD,Department of Defense,16,DSCA,Defense Security Cooperation Agency,1,Government,1,Government - United States,1000003,U.S. Government - Department of Defense,3,Governance,152,"Conflict, Peace, and Security",15210,Security system management and reform,1,Peace and Security,3,Stabilization Operations and Security Sector Reform,97x0100,"Department of Defense, Operation and Maintenance, Defense-Wide",7,Department of Defense,DOD,2,Military,3,Project-Type,295140,110,Combating Terrorism Fellowship Program (CTFP),"The Combating Terrorism Fellowship Program (CTFP) is a Secretary of Defense authority (Title 10) to build partnerships in the struggle against violent extremism through targeted, non-lethal, combating terrorism (CbT) education and training for mid- to senior-level international military officers, ministry of defense civilians, and security officials.",NULL,NULL,2019-09-30,2,Obligations,2019,30JUN2019,12143,14998,8,Project-type interventions - not Investment Related,,4
724,ESP,Spain,2,Europe and Eurasia,4,High Income Country,HIC,7,DOD,Department of Defense,16,DSCA,Defense Security Cooperation Agency,1,Government,1,Government - United States,1000003,U.S. Government - Department of Defense,3,Governance,152,"Conflict, Peace, and Security",15210,Security system management and reform,1,Peace and Security,3,Stabilization Operations and Security Sector Reform,97x0100,"Department of Defense, Operation and Maintenance, Defense-Wide",7,Department of Defense,DOD,2,Military,3,Project-Type,295140,110,Combating Terrorism Fellowship Program (CTFP),"The Combating Terrorism Fellowship Program (CTFP) is a Secretary of Defense authority (Title 10) to build partnerships in the struggle against violent extremism through targeted, non-lethal, combating terrorism (CbT) education and training for mid- to senior-level international military officers, ministry of defense civilians, and security officials.",NULL,NULL,2019-09-30,3,Disbursements,2019,30JUN2019,12143,14998,8,Project-type interventions - not Investment Related,,4
724,ESP,Spain,2,Europe and Eurasia,4,High Income Country,HIC,7,DOD,Department of Defense,16,DSCA,Defense Security Cooperation Agency,1,Government,1,Government - United States,1000003,U.S. Government - Department of Defense,3,Governance,152,"Conflict, Peace, and Security",15210,Security system management and reform,1,Peace and Security,3,Stabilization Operations and Security Sector Reform,97x0100,"Department of Defense, Operation and Maintenance, Defense-Wide",7,Department of Defense,DOD,2,Military,3,Project-Type,295145,110,Counter Terrorism and Irregular Warfare Fellowship Program (CTIWFP),Formerly known as the Combating Terrorism Fellowship Program (CTFP). The purpose of the Combating Terrorism and Irregular Warfare Fellowship Program (CTIWFP) is to: (1) Educate and train mid- and senior-level partner defense and security officials; (2) Build and strengthen a global network of Combating Terrorism (CbT) and Irregular Warfare (IW) experts and practitioners at the operational and strategic levels; (3) Build and reinforce the CbT and IW capabilities of partner nations through operational and strategic level education; (4) Contribute to efforts to counter ideological support to terrorism; (5) Provide a flexible and proactive program to respond to emerging CbT and IW requirements.,NULL,NULL,2020-01-24,2,Obligations,2020,31MAR2020,2129,2595,8,Project-type interventions - not Investment Related,,9
724,ESP,Spain,2,Europe and Eurasia,4,High Income Country,HIC,7,DOD,Department of Defense,16,DSCA,Defense Security Cooperation Agency,1,Government,1,Government - United States,1000003,U.S. Government - Department of Defense,3,Governance,152,"Conflict, Peace, and Security",15210,Security system management and reform,1,Peace and Security,3,Stabilization Operations and Security Sector Reform,97x0100,"Department of Defense, Operation and Maintenance, Defense-Wide",7,Department of Defense,DOD,2,Military,3,Project-Type,295145,110,Counter Terrorism and Irregular Warfare Fellowship Program (CTIWFP),Formerly known as the Combating Terrorism Fellowship Program (CTFP). The purpose of the Combating Terrorism and Irregular Warfare Fellowship Program (CTIWFP) is to: (1) Educate and train mid- and senior-level partner defense and security officials; (2) Build and strengthen a global network of Combating Terrorism (CbT) and Irregular Warfare (IW) experts and practitioners at the operational and strategic levels; (3) Build and reinforce the CbT and IW capabilities of partner nations through operational and strategic level education; (4) Contribute to efforts to counter ideological support to terrorism; (5) Provide a flexible and proactive program to respond to emerging CbT and IW requirements.,NULL,NULL,2020-01-24,3,Disbursements,2020,31MAR2020,2129,2595,8,Project-type interventions - not Investment Related,,9
724,ESP,Spain,2,Europe and Eurasia,4,High Income Country,HIC,7,DOD,Department of Defense,16,DSCA,Defense Security Cooperation Agency,1,Government,1,Government - United States,1000003,U.S. Government - Department of Defense,3,Governance,152,"Conflict, Peace, and Security",15210,Security system management and reform,1,Peace and Security,3,Stabilization Operations and Security Sector Reform,97xDEDA,Excess Defense Articles,7,Department of Defense,DOD,2,Military,3,Project-Type,20479,19,"DoD Excess Defense Articles, Grant Authority",AIMING CIRCLE [Quantity Delivered: 20].,NULL,NULL,NULL,2,Obligations,1994,,16220,31821,8,Project-type interventions - not Investment Related,,301
724,ESP,Spain,2,Europe and Eurasia,4,High Income Country,HIC,7,DOD,Department of Defense,16,DSCA,Defense Security Cooperation Agency,1,Government,1,Government - United States,1000003,U.S. Government - Department of Defense,3,Governance,152,"Conflict, Peace, and Security",15210,Security system management and reform,1,Peace and Security,45,Peace and Security - General,97x0100,"Department of Defense, Operation and Maintenance, Defense-Wide",7,Department of Defense,DOD,2,Military,3,Project-Type,296962,128,"U.S. Department of Defense, Institutional Capacity Building Programs: Near East South Asia Center for Strategic Studies",NESA Strategic Survey: Deep Dive on Iran. Spanish Armed Forces,NESA-219,NULL,2019-08-02,2,Obligations,2019,,261,322,8,Project-type interventions - not Investment Related,,619
724,ESP,Spain,2,Europe and Eurasia,4,High Income Country,HIC,7,DOD,Department of Defense,16,DSCA,Defense Security Cooperation Agency,1,Government,1,Government - United States,1000003,U.S. Government - Department of Defense,3,Governance,152,"Conflict, Peace, and Security",15210,Security system management and reform,1,Peace and Security,45,Peace and Security - General,97x0100,"Department of Defense, Operation and Maintenance, Defense-Wide",7,Department of Defense,DOD,2,Military,3,Project-Type,296962,128,"U.S. Department of Defense, Institutional Capacity Building Programs: Near East South Asia Center for Strategic Studies",NESA Strategic Survey: Deep Dive on Iran. Spanish Armed Forces,NESA-219,NULL,2019-08-02,3,Disbursements,2019,,261,322,8,Project-type interventions - not Investment Related,,619
724,ESP,Spain,2,Europe and Eurasia,4,High Income Country,HIC,7,DOD,Department of Defense,999,NULL,not applicable,1,Government,1,Government - United States,1999999,U.S. Government - Other,7,Other,430,Other Multisector,43010,Multisector aid,5,Economic Development,25,Macroeconomic Foundation for Growth,0xH030,INACTIVE - Other Military Grants,99,Unknown - Historical Greenbook,NULL,2,Military,3,Project-Type,53,1,Other Military Grants,Other Military Grants,NULL,NULL,NULL,2,Obligations,1957,,20300000,178996433,8,Project-type interventions - not Investment Related,,53
724,ESP,Spain,2,Europe and Eurasia,4,High Income Country,HIC,7,DOD,Department of Defense,999,NULL,not applicable,1,Government,1,Government - United States,1999999,U.S. Government - Other,7,Other,430,Other Multisector,43010,Multisector aid,5,Economic Development,25,Macroeconomic Foundation for Growth,0xH030,INACTIVE - Other Military Grants,99,Unknown - Historical Greenbook,NULL,2,Military,3,Project-Type,53,1,Other Military Grants,Other Military Grants,NULL,NULL,NULL,2,Obligations,1960,,11600000,96461578,8,Project-type interventions - not Investment Related,,53
724,ESP,Spain,2,Europe and Eurasia,4,High Income Country,HIC,7,DOD,Department of Defense,999,NULL,not applicable,1,Government,1,Government - United States,1999999,U.S. Government - Other,7,Other,430,Other Multisector,43010,Multisector aid,5,Economic Development,25,Macroeconomic Foundation for Growth,0xH030,INACTIVE - Other Military Grants,99,Unknown - Historical Greenbook,NULL,2,Military,3,Project-Type,53,1,Other Military Grants,Other Military Grants,NULL,NULL,NULL,2,Obligations,1961,,9500000,77940013,8,Project-type interventions - not Investment Related,,53
724,ESP,Spain,2,Europe and Eurasia,4,High Income Country,HIC,7,DOD,Department of Defense,999,NULL,not applicable,1,Government,1,Government - United States,1999999,U.S. Government - Other,7,Other,430,Other Multisector,43010,Multisector aid,5,Economic Development,25,Macroeconomic Foundation for Growth,0xH030,INACTIVE - Other Military Grants,99,Unknown - Historical Greenbook,NULL,2,Military,3,Project-Type,53,1,Other Military Grants,Other Military Grants,NULL,NULL,NULL,2,Obligations,1968,,22700000,162399110,8,Project-type interventions - not Investment Related,,53
724,ESP,Spain,2,Europe and Eurasia,4,High Income Country,HIC,7,DOD,Department of Defense,999,NULL,not applicable,1,Government,1,Government - United States,1999999,U.S. Government - Other,7,Other,430,Other Multisector,43010,Multisector aid,5,Economic Development,25,Macroeconomic Foundation for Growth,0xH030,INACTIVE - Other Military Grants,99,Unknown - Historical Greenbook,NULL,2,Military,3,Project-Type,53,1,Other Military Grants,Other Military Grants,NULL,NULL,NULL,2,Obligations,1972,,54000000,318597522,8,Project-type interventions - not Investment Related,,53
724,ESP,Spain,2,Europe and Eurasia,4,High Income Country,HIC,7,DOD,Department of Defense,999,NULL,not applicable,1,Government,1,Government - United States,1999999,U.S. Government - Other,7,Other,430,Other Multisector,43010,Multisector aid,5,Economic Development,25,Macroeconomic Foundation for Growth,0xH030,INACTIVE - Other Military Grants,99,Unknown - Historical Greenbook,NULL,2,Military,3,Project-Type,53,1,Other Military Grants,Other Military Grants,NULL,NULL,NULL,2,Obligations,1973,,45300000,256215046,8,Project-type interventions - not Investment Related,,53
724,ESP,Spain,2,Europe and Eurasia,4,High Income Country,HIC,7,DOD,Department of Defense,999,NULL,not applicable,1,Government,1,Government - United States,1999999,U.S. Government - Other,7,Other,430,Other Multisector,43010,Multisector aid,5,Economic Development,25,Macroeconomic Foundation for Growth,0xH030,INACTIVE - Other Military Grants,99,Unknown - Historical Greenbook,NULL,2,Military,3,Project-Type,53,1,Other Military Grants,Other Military Grants,NULL,NULL,NULL,2,Obligations,1974,,22500000,118792608,8,Project-type interventions - not Investment Related,,53
724,ESP,Spain,2,Europe and Eurasia,4,High Income Country,HIC,7,DOD,Department of Defense,999,NULL,not applicable,1,Government,1,Government - United States,1999999,U.S. Government - Other,7,Other,430,Other Multisector,43010,Multisector aid,5,Economic Development,25,Macroeconomic Foundation for Growth,11x1080,Military Assistance Programs (Old Code),7,Department of Defense,DOD,2,Military,3,Project-Type,49,1,Military Assistance Program (MAP),Military Assistance Program (MAP),NULL,NULL,NULL,2,Obligations,1954,,137350000,1298361471,8,Project-type interventions - not Investment Related,,49
724,ESP,Spain,2,Europe and Eurasia,4,High Income Country,HIC,7,DOD,Department of Defense,999,NULL,not applicable,1,Government,1,Government - United States,1999999,U.S. Government - Other,7,Other,430,Other Multisector,43010,Multisector aid,5,Economic Development,25,Macroeconomic Foundation for Growth,11x1080,Military Assistance Programs (Old Code),7,Department of Defense,DOD,2,Military,3,Project-Type,49,1,Military Assistance Program (MAP),Military Assistance Program (MAP),NULL,NULL,NULL,2,Obligations,1955,,6970000,65406073,8,Project-type interventions - not Investment Related,,49
724,ESP,Spain,2,Europe and Eurasia,4,High Income Country,HIC,7,DOD,Department of Defense,999,NULL,not applicable,1,Government,1,Government - United States,1999999,U.S. Government - Other,7,Other,430,Other Multisector,43010,Multisector aid,5,Economic Development,25,Macroeconomic Foundation for Growth,11x1080,Military Assistance Programs (Old Code),7,Department of Defense,DOD,2,Military,3,Project-Type,49,1,Military Assistance Program (MAP),Military Assistance Program (MAP),NULL,NULL,NULL,2,Obligations,1956,,155710000,1424774206,8,Project-type interventions - not Investment Related,,49
724,ESP,Spain,2,Europe and Eurasia,4,High Income Country,HIC,7,DOD,Department of Defense,999,NULL,not applicable,1,Government,1,Government - United States,1999999,U.S. Government - Other,7,Other,430,Other Multisector,43010,Multisector aid,5,Economic Development,25,Macroeconomic Foundation for Growth,11x1080,Military Assistance Programs (Old Code),7,Department of Defense,DOD,2,Military,3,Project-Type,49,1,Military Assistance Program (MAP),Military Assistance Program (MAP),NULL,NULL,NULL,2,Obligations,1957,,30840000,271933498,8,Project-type interventions - not Investment Related,,49
724,ESP,Spain,2,Europe and Eurasia,4,High Income Country,HIC,7,DOD,Department of Defense,999,NULL,not applicable,1,Government,1,Government - United States,1999999,U.S. Government - Other,7,Other,430,Other Multisector,43010,Multisector aid,5,Economic Development,25,Macroeconomic Foundation for Growth,11x1080,Military Assistance Programs (Old Code),7,Department of Defense,DOD,2,Military,3,Project-Type,49,1,Military Assistance Program (MAP),Military Assistance Program (MAP),NULL,NULL,NULL,2,Obligations,1958,,6280000,53752117,8,Project-type interventions - not Investment Related,,49
724,ESP,Spain,2,Europe and Eurasia,4,High Income Country,HIC,7,DOD,Department of Defense,999,NULL,not applicable,1,Government,1,Government - United States,1999999,U.S. Government - Other,7,Other,430,Other Multisector,43010,Multisector aid,5,Economic Development,25,Macroeconomic Foundation for Growth,11x1080,Military Assistance Programs (Old Code),7,Department of Defense,DOD,2,Military,3,Project-Type,49,1,Military Assistance Program (MAP),Military Assistance Program (MAP),NULL,NULL,NULL,2,Obligations,1959,,18150000,153007475,8,Project-type interventions - not Investment Related,,49
724,ESP,Spain,2,Europe and Eurasia,4,High Income Country,HIC,7,DOD,Department of Defense,999,NULL,not applicable,1,Government,1,Government - United States,1999999,U.S. Government - Other,7,Other,430,Other Multisector,43010,Multisector aid,5,Economic Development,25,Macroeconomic Foundation for Growth,11x1080,Military Assistance Programs (Old Code),7,Department of Defense,DOD,2,Military,3,Project-Type,49,1,Military Assistance Program (MAP),Military Assistance Program (MAP),NULL,NULL,NULL,2,Obligations,1960,,41280000,343270168,8,Project-type interventions - not Investment Related,,49
724,ESP,Spain,2,Europe and Eurasia,4,High Income Country,HIC,7,DOD,Department of Defense,999,NULL,not applicable,1,Government,1,Government - United States,1999999,U.S. Government - Other,7,Other,430,Other Multisector,43010,Multisector aid,5,Economic Development,25,Macroeconomic Foundation for Growth,11x1080,Military Assistance Programs (Old Code),7,Department of Defense,DOD,2,Military,3,Project-Type,49,1,Military Assistance Program (MAP),Military Assistance Program (MAP),NULL,NULL,NULL,2,Obligations,1961,,30700000,251869304,8,Project-type interventions - not Investment Related,,49
724,ESP,Spain,2,Europe and Eurasia,4,High Income Country,HIC,7,DOD,Department of Defense,999,NULL,not applicable,1,Government,1,Government - United States,1999999,U.S. Government - Other,7,Other,430,Other Multisector,43010,Multisector aid,5,Economic Development,25,Macroeconomic Foundation for Growth,11x1080,Military Assistance Programs (Old Code),7,Department of Defense,DOD,2,Military,3,Project-Type,49,1,Military Assistance Program (MAP),Military Assistance Program (MAP),NULL,NULL,NULL,2,Obligations,1962,,17000000,138061908,8,Project-type interventions - not Investment Related,,49
724,ESP,Spain,2,Europe and Eurasia,4,High Income Country,HIC,7,DOD,Department of Defense,999,NULL,not applicable,1,Government,1,Government - United States,1999999,U.S. Government - Other,7,Other,430,Other Multisector,43010,Multisector aid,5,Economic Development,25,Macroeconomic Foundation for Growth,11x1080,Military Assistance Programs (Old Code),7,Department of Defense,DOD,2,Military,3,Project-Type,49,1,Military Assistance Program (MAP),Military Assistance Program (MAP),NULL,NULL,NULL,2,Obligations,1963,,23840000,191315256,8,Project-type interventions - not Investment Related,,49
724,ESP,Spain,2,Europe and Eurasia,4,High Income Country,HIC,7,DOD,Department of Defense,999,NULL,not applicable,1,Government,1,Government - United States,1999999,U.S. Government - Other,7,Other,430,Other Multisector,43010,Multisector aid,5,Economic Development,25,Macroeconomic Foundation for Growth,11x1080,Military Assistance Programs (Old Code),7,Department of Defense,DOD,2,Military,3,Project-Type,49,1,Military Assistance Program (MAP),Military Assistance Program (MAP),NULL,NULL,NULL,2,Obligations,1964,,32680000,259182036,8,Project-type interventions - not Investment Related,,49
724,ESP,Spain,2,Europe and Eurasia,4,High Income Country,HIC,7,DOD,Department of Defense,999,NULL,not applicable,1,Government,1,Government - United States,1999999,U.S. Government - Other,7,Other,430,Other Multisector,43010,Multisector aid,5,Economic Development,25,Macroeconomic Foundation for Growth,11x1080,Military Assistance Programs (Old Code),7,Department of Defense,DOD,2,Military,3,Project-Type,49,1,Military Assistance Program (MAP),Military Assistance Program (MAP),NULL,NULL,NULL,2,Obligations,1965,,6970000,54339794,8,Project-type interventions - not Investment Related,,49
724,ESP,Spain,2,Europe and Eurasia,4,High Income Country,HIC,7,DOD,Department of Defense,999,NULL,not applicable,1,Government,1,Government - United States,1999999,U.S. Government - Other,7,Other,430,Other Multisector,43010,Multisector aid,5,Economic Development,25,Macroeconomic Foundation for Growth,11x1080,Military Assistance Programs (Old Code),7,Department of Defense,DOD,2,Military,3,Project-Type,49,1,Military Assistance Program (MAP),Military Assistance Program (MAP),NULL,NULL,NULL,2,Obligations,1966,,18090000,138020795,8,Project-type interventions - not Investment Related,,49
724,ESP,Spain,2,Europe and Eurasia,4,High Income Country,HIC,7,DOD,Department of Defense,999,NULL,not applicable,1,Government,1,Government - United States,1999999,U.S. Government - Other,7,Other,430,Other Multisector,43010,Multisector aid,5,Economic Development,25,Macroeconomic Foundation for Growth,11x1080,Military Assistance Programs (Old Code),7,Department of Defense,DOD,2,Military,3,Project-Type,49,1,Military Assistance Program (MAP),Military Assistance Program (MAP),NULL,NULL,NULL,2,Obligations,1967,,18550000,137372581,8,Project-type interventions - not Investment Related,,49
724,ESP,Spain,2,Europe and Eurasia,4,High Income Country,HIC,7,DOD,Department of Defense,999,NULL,not applicable,1,Government,1,Government - United States,1999999,U.S. Government - Other,7,Other,430,Other Multisector,43010,Multisector aid,5,Economic Development,25,Macroeconomic Foundation for Growth,11x1080,Military Assistance Programs (Old Code),7,Department of Defense,DOD,2,Military,3,Project-Type,49,1,Military Assistance Program (MAP),Military Assistance Program (MAP),NULL,NULL,NULL,2,Obligations,1968,,2020000,14451375,8,Project-type interventions - not Investment Related,,49
724,ESP,Spain,2,Europe and Eurasia,4,High Income Country,HIC,7,DOD,Department of Defense,999,NULL,not applicable,1,Government,1,Government - United States,1999999,U.S. Government - Other,7,Other,430,Other Multisector,43010,Multisector aid,5,Economic Development,25,Macroeconomic Foundation for Growth,11x1080,Military Assistance Programs (Old Code),7,Department of Defense,DOD,2,Military,3,Project-Type,49,1,Military Assistance Program (MAP),Military Assistance Program (MAP),NULL,NULL,NULL,2,Obligations,1969,,1600000,10947100,8,Project-type interventions - not Investment Related,,49
724,ESP,Spain,2,Europe and Eurasia,4,High Income Country,HIC,7,DOD,Department of Defense,999,NULL,not applicable,1,Government,1,Government - United States,1999999,U.S. Government - Other,7,Other,430,Other Multisector,43010,Multisector aid,5,Economic Development,25,Macroeconomic Foundation for Growth,11x1080,Military Assistance Programs (Old Code),7,Department of Defense,DOD,2,Military,3,Project-Type,49,1,Military Assistance Program (MAP),Military Assistance Program (MAP),NULL,NULL,NULL,2,Obligations,1976tq,,1000,4343,8,Project-type interventions - not Investment Related,,49
724,ESP,Spain,2,Europe and Eurasia,4,High Income Country,HIC,7,DOD,Department of Defense,999,NULL,not applicable,1,Government,1,Government - United States,1999999,U.S. Government - Other,7,Other,430,Other Multisector,43010,Multisector aid,5,Economic Development,25,Macroeconomic Foundation for Growth,11x1081,International Military Education and Training,2,Department of State,STATE,2,Military,3,Project-Type,39,1,Int'l Military Education & Training,Int'l Military Education & Training,NULL,NULL,NULL,2,Obligations,1954,,1349000,12752018,8,Project-type interventions - not Investment Related,,39
724,ESP,Spain,2,Europe and Eurasia,4,High Income Country,HIC,7,DOD,Department of Defense,999,NULL,not applicable,1,Government,1,Government - United States,1999999,U.S. Government - Other,7,Other,430,Other Multisector,43010,Multisector aid,5,Economic Development,25,Macroeconomic Foundation for Growth,11x1081,International Military Education and Training,2,Department of State,STATE,2,Military,3,Project-Type,39,1,Int'l Military Education & Training,Int'l Military Education & Training,NULL,NULL,NULL,2,Obligations,1955,,4521000,42424800,8,Project-type interventions - not Investment Related,,39
724,ESP,Spain,2,Europe and Eurasia,4,High Income Country,HIC,7,DOD,Department of Defense,999,NULL,not applicable,1,Government,1,Government - United States,1999999,U.S. Government - Other,7,Other,430,Other Multisector,43010,Multisector aid,5,Economic Development,25,Macroeconomic Foundation for Growth,11x1081,International Military Education and Training,2,Department of State,STATE,2,Military,3,Project-Type,39,1,Int'l Military Education & Training,Int'l Military Education & Training,NULL,NULL,NULL,2,Obligations,1956,,890000,8143658,8,Project-type interventions - not Investment Related,,39
724,ESP,Spain,2,Europe and Eurasia,4,High Income Country,HIC,7,DOD,Department of Defense,999,NULL,not applicable,1,Government,1,Government - United States,1999999,U.S. Government - Other,7,Other,430,Other Multisector,43010,Multisector aid,5,Economic Development,25,Macroeconomic Foundation for Growth,11x1081,International Military Education and Training,2,Department of State,STATE,2,Military,3,Project-Type,39,1,Int'l Military Education & Training,Int'l Military Education & Training,NULL,NULL,NULL,2,Obligations,1957,,6529000,57569838,8,Project-type interventions - not Investment Related,,39
724,ESP,Spain,2,Europe and Eurasia,4,High Income Country,HIC,7,DOD,Department of Defense,999,NULL,not applicable,1,Government,1,Government - United States,1999999,U.S. Government - Other,7,Other,430,Other Multisector,43010,Multisector aid,5,Economic Development,25,Macroeconomic Foundation for Growth,11x1081,International Military Education and Training,2,Department of State,STATE,2,Military,3,Project-Type,39,1,Int'l Military Education & Training,Int'l Military Education & Training,NULL,NULL,NULL,2,Obligations,1958,,500000,4279627,8,Project-type interventions - not Investment Related,,39
724,ESP,Spain,2,Europe and Eurasia,4,High Income Country,HIC,7,DOD,Department of Defense,999,NULL,not applicable,1,Government,1,Government - United States,1999999,U.S. Government - Other,7,Other,430,Other Multisector,43010,Multisector aid,5,Economic Development,25,Macroeconomic Foundation for Growth,11x1081,International Military Education and Training,2,Department of State,STATE,2,Military,3,Project-Type,39,1,Int'l Military Education & Training,Int'l Military Education & Training,NULL,NULL,NULL,2,Obligations,1959,,1079000,9096147,8,Project-type interventions - not Investment Related,,39
724,ESP,Spain,2,Europe and Eurasia,4,High Income Country,HIC,7,DOD,Department of Defense,999,NULL,not applicable,1,Government,1,Government - United States,1999999,U.S. Government - Other,7,Other,430,Other Multisector,43010,Multisector aid,5,Economic Development,25,Macroeconomic Foundation for Growth,11x1081,International Military Education and Training,2,Department of State,STATE,2,Military,3,Project-Type,39,1,Int'l Military Education & Training,Int'l Military Education & Training,NULL,NULL,NULL,2,Obligations,1960,,888000,7384300,8,Project-type interventions - not Investment Related,,39
724,ESP,Spain,2,Europe and Eurasia,4,High Income Country,HIC,7,DOD,Department of Defense,999,NULL,not applicable,1,Government,1,Government - United States,1999999,U.S. Government - Other,7,Other,430,Other Multisector,43010,Multisector aid,5,Economic Development,25,Macroeconomic Foundation for Growth,11x1081,International Military Education and Training,2,Department of State,STATE,2,Military,3,Project-Type,39,1,Int'l Military Education & Training,Int'l Military Education & Training,NULL,NULL,NULL,2,Obligations,1961,,680000,5578864,8,Project-type interventions - not Investment Related,,39
724,ESP,Spain,2,Europe and Eurasia,4,High Income Country,HIC,7,DOD,Department of Defense,999,NULL,not applicable,1,Government,1,Government - United States,1999999,U.S. Government - Other,7,Other,430,Other Multisector,43010,Multisector aid,5,Economic Development,25,Macroeconomic Foundation for Growth,11x1081,International Military Education and Training,2,Department of State,STATE,2,Military,3,Project-Type,39,1,Int'l Military Education & Training,Int'l Military Education & Training,NULL,NULL,NULL,2,Obligations,1962,,5876000,47720692,8,Project-type interventions - not Investment Related,,39
724,ESP,Spain,2,Europe and Eurasia,4,High Income Country,HIC,7,DOD,Department of Defense,999,NULL,not applicable,1,Government,1,Government - United States,1999999,U.S. Government - Other,7,Other,430,Other Multisector,43010,Multisector aid,5,Economic Development,25,Macroeconomic Foundation for Growth,11x1081,International Military Education and Training,2,Department of State,STATE,2,Military,3,Project-Type,39,1,Int'l Military Education & Training,Int'l Military Education & Training,NULL,NULL,NULL,2,Obligations,1963,,788000,6323675,8,Project-type interventions - not Investment Related,,39
724,ESP,Spain,2,Europe and Eurasia,4,High Income Country,HIC,7,DOD,Department of Defense,999,NULL,not applicable,1,Government,1,Government - United States,1999999,U.S. Government - Other,7,Other,430,Other Multisector,43010,Multisector aid,5,Economic Development,25,Macroeconomic Foundation for Growth,11x1081,International Military Education and Training,2,Department of State,STATE,2,Military,3,Project-Type,39,1,Int'l Military Education & Training,Int'l Military Education & Training,NULL,NULL,NULL,2,Obligations,1964,,450000,3568908,8,Project-type interventions - not Investment Related,,39
724,ESP,Spain,2,Europe and Eurasia,4,High Income Country,HIC,7,DOD,Department of Defense,999,NULL,not applicable,1,Government,1,Government - United States,1999999,U.S. Government - Other,7,Other,430,Other Multisector,43010,Multisector aid,5,Economic Development,25,Macroeconomic Foundation for Growth,11x1081,International Military Education and Training,2,Department of State,STATE,2,Military,3,Project-Type,39,1,Int'l Military Education & Training,Int'l Military Education & Training,NULL,NULL,NULL,2,Obligations,1965,,956000,7453206,8,Project-type interventions - not Investment Related,,39
724,ESP,Spain,2,Europe and Eurasia,4,High Income Country,HIC,7,DOD,Department of Defense,999,NULL,not applicable,1,Government,1,Government - United States,1999999,U.S. Government - Other,7,Other,430,Other Multisector,43010,Multisector aid,5,Economic Development,25,Macroeconomic Foundation for Growth,11x1081,International Military Education and Training,2,Department of State,STATE,2,Military,3,Project-Type,39,1,Int'l Military Education & Training,Int'l Military Education & Training,NULL,NULL,NULL,2,Obligations,1966,,1025000,7820415,8,Project-type interventions - not Investment Related,,39
724,ESP,Spain,2,Europe and Eurasia,4,High Income Country,HIC,7,DOD,Department of Defense,999,NULL,not applicable,1,Government,1,Government - United States,1999999,U.S. Government - Other,7,Other,430,Other Multisector,43010,Multisector aid,5,Economic Development,25,Macroeconomic Foundation for Growth,11x1081,International Military Education and Training,2,Department of State,STATE,2,Military,3,Project-Type,39,1,Int'l Military Education & Training,Int'l Military Education & Training,NULL,NULL,NULL,2,Obligations,1967,,389000,2880751,8,Project-type interventions - not Investment Related,,39
724,ESP,Spain,2,Europe and Eurasia,4,High Income Country,HIC,7,DOD,Department of Defense,999,NULL,not applicable,1,Government,1,Government - United States,1999999,U.S. Government - Other,7,Other,430,Other Multisector,43010,Multisector aid,5,Economic Development,25,Macroeconomic Foundation for Growth,11x1081,International Military Education and Training,2,Department of State,STATE,2,Military,3,Project-Type,39,1,Int'l Military Education & Training,Int'l Military Education & Training,NULL,NULL,NULL,2,Obligations,1968,,797000,5701854,8,Project-type interventions - not Investment Related,,39
724,ESP,Spain,2,Europe and Eurasia,4,High Income Country,HIC,7,DOD,Department of Defense,999,NULL,not applicable,1,Government,1,Government - United States,1999999,U.S. Government - Other,7,Other,430,Other Multisector,43010,Multisector aid,5,Economic Development,25,Macroeconomic Foundation for Growth,11x1081,International Military Education and Training,2,Department of State,STATE,2,Military,3,Project-Type,39,1,Int'l Military Education & Training,Int'l Military Education & Training,NULL,NULL,NULL,2,Obligations,1969,,572000,3913588,8,Project-type interventions - not Investment Related,,39
724,ESP,Spain,2,Europe and Eurasia,4,High Income Country,HIC,7,DOD,Department of Defense,999,NULL,not applicable,1,Government,1,Government - United States,1999999,U.S. Government - Other,7,Other,430,Other Multisector,43010,Multisector aid,5,Economic Development,25,Macroeconomic Foundation for Growth,11x1085,"Foreign Military Financing, Direct Loan Program Account",2,Department of State,STATE,2,Military,3,Project-Type,18,1,Credit Sales Under FMS Loans [FMF Loans],Credit Sales Under FMS Loans [FMF Loans],NULL,NULL,NULL,2,Obligations,1963,,2300000,18457428,8,Project-type interventions - not Investment Related,,18
724,ESP,Spain,2,Europe and Eurasia,4,High Income Country,HIC,7,DOD,Department of Defense,999,NULL,not applicable,1,Government,1,Government - United States,1999999,U.S. Government - Other,7,Other,430,Other Multisector,43010,Multisector aid,5,Economic Development,25,Macroeconomic Foundation for Growth,97xDEDA,Excess Defense Articles,7,Department of Defense,DOD,2,Military,3,Project-Type,77,1,Transfers from Excess Stock,Transfers from Excess Stock,NULL,NULL,NULL,2,Obligations,1954,,300000,2835882,8,Project-type interventions - not Investment Related,,77
724,ESP,Spain,2,Europe and Eurasia,4,High Income Country,HIC,7,DOD,Department of Defense,999,NULL,not applicable,1,Government,1,Government - United States,1999999,U.S. Government - Other,7,Other,430,Other Multisector,43010,Multisector aid,5,Economic Development,25,Macroeconomic Foundation for Growth,97xDEDA,Excess Defense Articles,7,Department of Defense,DOD,2,Military,3,Project-Type,77,1,Transfers from Excess Stock,Transfers from Excess Stock,NULL,NULL,NULL,2,Obligations,1955,,600000,5630365,8,Project-type interventions - not Investment Related,,77
724,ESP,Spain,2,Europe and Eurasia,4,High Income Country,HIC,7,DOD,Department of Defense,999,NULL,not applicable,1,Government,1,Government - United States,1999999,U.S. Government - Other,7,Other,430,Other Multisector,43010,Multisector aid,5,Economic Development,25,Macroeconomic Foundation for Growth,97xDEDA,Excess Defense Articles,7,Department of Defense,DOD,2,Military,3,Project-Type,77,1,Transfers from Excess Stock,Transfers from Excess Stock,NULL,NULL,NULL,2,Obligations,1956,,1200000,10980214,8,Project-type interventions - not Investment Related,,77
724,ESP,Spain,2,Europe and Eurasia,4,High Income Country,HIC,7,DOD,Department of Defense,999,NULL,not applicable,1,Government,1,Government - United States,1999999,U.S. Government - Other,7,Other,430,Other Multisector,43010,Multisector aid,5,Economic Development,25,Macroeconomic Foundation for Growth,97xDEDA,Excess Defense Articles,7,Department of Defense,DOD,2,Military,3,Project-Type,77,1,Transfers from Excess Stock,Transfers from Excess Stock,NULL,NULL,NULL,2,Obligations,1957,,2100000,18516872,8,Project-type interventions - not Investment Related,,77
724,ESP,Spain,2,Europe and Eurasia,4,High Income Country,HIC,7,DOD,Department of Defense,999,NULL,not applicable,1,Government,1,Government - United States,1999999,U.S. Government - Other,7,Other,430,Other Multisector,43010,Multisector aid,5,Economic Development,25,Macroeconomic Foundation for Growth,97xDEDA,Excess Defense Articles,7,Department of Defense,DOD,2,Military,3,Project-Type,77,1,Transfers from Excess Stock,Transfers from Excess Stock,NULL,NULL,NULL,2,Obligations,1958,,5400000,46219973,8,Project-type interventions - not Investment Related,,77
724,ESP,Spain,2,Europe and Eurasia,4,High Income Country,HIC,7,DOD,Department of Defense,999,NULL,not applicable,1,Government,1,Government - United States,1999999,U.S. Government - Other,7,Other,430,Other Multisector,43010,Multisector aid,5,Economic Development,25,Macroeconomic Foundation for Growth,97xDEDA,Excess Defense Articles,7,Department of Defense,DOD,2,Military,3,Project-Type,77,1,Transfers from Excess Stock,Transfers from Excess Stock,NULL,NULL,NULL,2,Obligations,1959,,900000,7587148,8,Project-type interventions - not Investment Related,,77
724,ESP,Spain,2,Europe and Eurasia,4,High Income Country,HIC,7,DOD,Department of Defense,999,NULL,not applicable,1,Government,1,Government - United States,1999999,U.S. Government - Other,7,Other,430,Other Multisector,43010,Multisector aid,5,Economic Development,25,Macroeconomic Foundation for Growth,97xDEDA,Excess Defense Articles,7,Department of Defense,DOD,2,Military,3,Project-Type,77,1,Transfers from Excess Stock,Transfers from Excess Stock,NULL,NULL,NULL,2,Obligations,1960,,1200000,9978784,8,Project-type interventions - not Investment Related,,77
724,ESP,Spain,2,Europe and Eurasia,4,High Income Country,HIC,7,DOD,Department of Defense,999,NULL,not applicable,1,Government,1,Government - United States,1999999,U.S. Government - Other,7,Other,430,Other Multisector,43010,Multisector aid,5,Economic Development,25,Macroeconomic Foundation for Growth,97xDEDA,Excess Defense Articles,7,Department of Defense,DOD,2,Military,3,Project-Type,77,1,Transfers from Excess Stock,Transfers from Excess Stock,NULL,NULL,NULL,2,Obligations,1961,,2700000,22151372,8,Project-type interventions - not Investment Related,,77
724,ESP,Spain,2,Europe and Eurasia,4,High Income Country,HIC,7,DOD,Department of Defense,999,NULL,not applicable,1,Government,1,Government - United States,1999999,U.S. Government - Other,7,Other,430,Other Multisector,43010,Multisector aid,5,Economic Development,25,Macroeconomic Foundation for Growth,97xDEDA,Excess Defense Articles,7,Department of Defense,DOD,2,Military,3,Project-Type,77,1,Transfers from Excess Stock,Transfers from Excess Stock,NULL,NULL,NULL,2,Obligations,1962,,18000000,146183196,8,Project-type interventions - not Investment Related,,77
724,ESP,Spain,2,Europe and Eurasia,4,High Income Country,HIC,7,DOD,Department of Defense,999,NULL,not applicable,1,Government,1,Government - United States,1999999,U.S. Government - Other,7,Other,430,Other Multisector,43010,Multisector aid,5,Economic Development,25,Macroeconomic Foundation for Growth,97xDEDA,Excess Defense Articles,7,Department of Defense,DOD,2,Military,3,Project-Type,77,1,Transfers from Excess Stock,Transfers from Excess Stock,NULL,NULL,NULL,2,Obligations,1963,,4800000,38519850,8,Project-type interventions - not Investment Related,,77
724,ESP,Spain,2,Europe and Eurasia,4,High Income Country,HIC,7,DOD,Department of Defense,999,NULL,not applicable,1,Government,1,Government - United States,1999999,U.S. Government - Other,7,Other,430,Other Multisector,43010,Multisector aid,5,Economic Development,25,Macroeconomic Foundation for Growth,97xDEDA,Excess Defense Articles,7,Department of Defense,DOD,2,Military,3,Project-Type,77,1,Transfers from Excess Stock,Transfers from Excess Stock,NULL,NULL,NULL,2,Obligations,1964,,900000,7137816,8,Project-type interventions - not Investment Related,,77
724,ESP,Spain,2,Europe and Eurasia,4,High Income Country,HIC,7,DOD,Department of Defense,999,NULL,not applicable,1,Government,1,Government - United States,1999999,U.S. Government - Other,7,Other,430,Other Multisector,43010,Multisector aid,5,Economic Development,25,Macroeconomic Foundation for Growth,97xDEDA,Excess Defense Articles,7,Department of Defense,DOD,2,Military,3,Project-Type,77,1,Transfers from Excess Stock,Transfers from Excess Stock,NULL,NULL,NULL,2,Obligations,1965,,100000,779624,8,Project-type interventions - not Investment Related,,77
724,ESP,Spain,2,Europe and Eurasia,4,High Income Country,HIC,7,DOD,Department of Defense,999,NULL,not applicable,1,Government,1,Government - United States,1999999,U.S. Government - Other,7,Other,430,Other Multisector,43010,Multisector aid,5,Economic Development,25,Macroeconomic Foundation for Growth,97xDEDA,Excess Defense Articles,7,Department of Defense,DOD,2,Military,3,Project-Type,77,1,Transfers from Excess Stock,Transfers from Excess Stock,NULL,NULL,NULL,2,Obligations,1966,,4300000,32807596,8,Project-type interventions - not Investment Related,,77
724,ESP,Spain,2,Europe and Eurasia,4,High Income Country,HIC,7,DOD,Department of Defense,999,NULL,not applicable,1,Government,1,Government - United States,1999999,U.S. Government - Other,7,Other,430,Other Multisector,43010,Multisector aid,5,Economic Development,25,Macroeconomic Foundation for Growth,97xDEDA,Excess Defense Articles,7,Department of Defense,DOD,2,Military,3,Project-Type,77,1,Transfers from Excess Stock,Transfers from Excess Stock,NULL,NULL,NULL,2,Obligations,1967,,100000,740553,8,Project-type interventions - not Investment Related,,77
724,ESP,Spain,2,Europe and Eurasia,4,High Income Country,HIC,7,DOD,Department of Defense,999,NULL,not applicable,1,Government,1,Government - United States,1999999,U.S. Government - Other,7,Other,430,Other Multisector,43010,Multisector aid,5,Economic Development,25,Macroeconomic Foundation for Growth,97xDEDA,Excess Defense Articles,7,Department of Defense,DOD,2,Military,3,Project-Type,77,1,Transfers from Excess Stock,Transfers from Excess Stock,NULL,NULL,NULL,2,Obligations,1968,,2400000,17169950,8,Project-type interventions - not Investment Related,,77
724,ESP,Spain,2,Europe and Eurasia,4,High Income Country,HIC,7,DOD,Department of Defense,999,NULL,not applicable,1,Government,1,Government - United States,1999999,U.S. Government - Other,7,Other,430,Other Multisector,43010,Multisector aid,5,Economic Development,25,Macroeconomic Foundation for Growth,97xDEDA,Excess Defense Articles,7,Department of Defense,DOD,2,Military,3,Project-Type,77,1,Transfers from Excess Stock,Transfers from Excess Stock,NULL,NULL,NULL,2,Obligations,1970,,18400000,119530268,8,Project-type interventions - not Investment Related,,77
724,ESP,Spain,2,Europe and Eurasia,4,High Income Country,HIC,7,DOD,Department of Defense,999,NULL,not applicable,1,Government,1,Government - United States,1999999,U.S. Government - Other,7,Other,430,Other Multisector,43010,Multisector aid,5,Economic Development,25,Macroeconomic Foundation for Growth,97xDEDA,Excess Defense Articles,7,Department of Defense,DOD,2,Military,3,Project-Type,77,1,Transfers from Excess Stock,Transfers from Excess Stock,NULL,NULL,NULL,2,Obligations,1971,,2300000,14215769,8,Project-type interventions - not Investment Related,,77
724,ESP,Spain,2,Europe and Eurasia,4,High Income Country,HIC,7,DOD,Department of Defense,999,NULL,not applicable,1,Government,1,Government - United States,1999999,U.S. Government - Other,7,Other,430,Other Multisector,43010,Multisector aid,5,Economic Development,25,Macroeconomic Foundation for Growth,97xDEDA,Excess Defense Articles,7,Department of Defense,DOD,2,Military,3,Project-Type,77,1,Transfers from Excess Stock,Transfers from Excess Stock,NULL,NULL,NULL,2,Obligations,1972,,15100000,89089307,8,Project-type interventions - not Investment Related,,77
724,ESP,Spain,2,Europe and Eurasia,4,High Income Country,HIC,7,DOD,Department of Defense,999,NULL,not applicable,1,Government,1,Government - United States,1999999,U.S. Government - Other,7,Other,430,Other Multisector,43010,Multisector aid,5,Economic Development,25,Macroeconomic Foundation for Growth,97xDEDA,Excess Defense Articles,7,Department of Defense,DOD,2,Military,3,Project-Type,77,1,Transfers from Excess Stock,Transfers from Excess Stock,NULL,NULL,NULL,2,Obligations,1973,,2300000,13008711,8,Project-type interventions - not Investment Related,,77
724,ESP,Spain,2,Europe and Eurasia,4,High Income Country,HIC,7,DOD,Department of Defense,999,NULL,not applicable,1,Government,1,Government - United States,1999999,U.S. Government - Other,7,Other,430,Other Multisector,43010,Multisector aid,5,Economic Development,25,Macroeconomic Foundation for Growth,97xDEDA,Excess Defense Articles,7,Department of Defense,DOD,2,Military,3,Project-Type,77,1,Transfers from Excess Stock,Transfers from Excess Stock,NULL,NULL,NULL,2,Obligations,1974,,1000,5280,8,Project-type interventions - not Investment Related,,77
724,ESP,Spain,2,Europe and Eurasia,4,High Income Country,HIC,7,DOD,Department of Defense,999,NULL,not applicable,1,Government,1,Government - United States,1999999,U.S. Government - Other,7,Other,430,Other Multisector,43010,Multisector aid,5,Economic Development,25,Macroeconomic Foundation for Growth,97xDEDA,Excess Defense Articles,7,Department of Defense,DOD,2,Military,3,Project-Type,77,1,Transfers from Excess Stock,Transfers from Excess Stock,NULL,NULL,NULL,2,Obligations,1977,,8000,33371,8,Project-type interventions - not Investment Related,,77
724,ESP,Spain,2,Europe and Eurasia,4,High Income Country,HIC,9,DOI,Department of the Interior,49,FWS,U.S. Fish and Wildlife Service,2,Universities and Research Institutes,4,Universities and Research Institutes - Non United States,4009596,"kai soluciones avanzadas, sl",7,Other,410,General Environmental Protection,41010,Environmental policy and administrative management,6,Environment,44,Environment,14x1611,"U.S. Fish and Wildlife Service, Resource Management",9,Department of the Interior,DOI,1,Economic,3,Project-Type,62534,38,Sea Turtle Conservation Support-II,"This project supports workshops for captains and crews of Spanish long line fisheries vessels, which are the most impactful fleet in the North Atlantic and Mediterranean for loggerhead bycatch. Captains and crews will be taught bycatch mitigation measures, safe handling, and release techniques for turtles. A website will be maintained to enable the rapid dissemination of information to scientists, fisherman and government policymakers in the Mediterranean region on bycatch issues and reduction measures.",F14AP00673,2014-08-08,2015-09-30,2,Obligations,2014,29JUL2014,40000,53256,8,Project-type interventions - not Investment Related,,7933
724,ESP,Spain,2,Europe and Eurasia,4,High Income Country,HIC,9,DOI,Department of the Interior,49,FWS,U.S. Fish and Wildlife Service,2,Universities and Research Institutes,4,Universities and Research Institutes - Non United States,4009596,"kai soluciones avanzadas, sl",7,Other,410,General Environmental Protection,41010,Environmental policy and administrative management,6,Environment,44,Environment,14x1611,"U.S. Fish and Wildlife Service, Resource Management",9,Department of the Interior,DOI,1,Economic,3,Project-Type,62907,38,Support of Sea Turtle Conservation,"The recipient will maintain a website to provide relevant information on the issue of sea turtle bycatch, provide 5 one day training workshops on sea turtle safe handling and release for Spainish long line fisherman in five Spanish fishing fleet ports, organize nesting beach site visit to U.S. for leaders of Spanish fishing sector.",F13AP00974,NULL,2014-09-30,3,Disbursements,2014,22NOV2013,155,206,8,Project-type interventions - not Investment Related,,8307
724,ESP,Spain,2,Europe and Eurasia,4,High Income Country,HIC,9,DOI,Department of the Interior,49,FWS,U.S. Fish and Wildlife Service,2,Universities and Research Institutes,4,Universities and Research Institutes - Non United States,4009596,"kai soluciones avanzadas, sl",7,Other,410,General Environmental Protection,41010,Environmental policy and administrative management,6,Environment,44,Environment,14x1611,"U.S. Fish and Wildlife Service, Resource Management",9,Department of the Interior,DOI,1,Economic,3,Project-Type,62909,38,Support of Sea Turtle Conservation-II,"The recipient will maintain a website to provide relevant information on the issue of sea turtle bycatch, provide 5 one day training workshops on sea turtle safe handling and release for Spainish long line fisherman in five Spanish fishing fleet ports, organize nesting beach site visit to U.S. for leaders of Spanish fishing sector.",F13AP00974,2013-09-06,2014-09-30,3,Disbursements,2014,22NOV2013,2083,2773,8,Project-type interventions - not Investment Related,,8309
724,ESP,Spain,2,Europe and Eurasia,4,High Income Country,HIC,9,DOI,Department of the Interior,49,FWS,U.S. Fish and Wildlife Service,2,Universities and Research Institutes,4,Universities and Research Institutes - Non United States,4009596,"kai soluciones avanzadas, sl",7,Other,410,General Environmental Protection,41010,Environmental policy and administrative management,6,Environment,44,Environment,14x1652,"U.S. Fish and Wildlife Service, Multinational Species Conservation Fund",9,Department of the Interior,DOI,1,Economic,3,Project-Type,61119,38,Marine Turtle Conservation Fund,BUILDING CAPACITY TO REDUCE BYCATCH MORTALITY FROM SPANISH FISHERIES IMPACTING THE NW ATLANTIC-NESTING LOGGERHEAD POPULATION,F12AP00991,2012-08-24,2013-08-24,3,Disbursements,2013,28DEC2012,30250,41010,8,Project-type interventions - not Investment Related,,6292
724,ESP,Spain,2,Europe and Eurasia,4,High Income Country,HIC,9,DOI,Department of the Interior,49,FWS,U.S. Fish and Wildlife Service,2,Universities and Research Institutes,4,Universities and Research Institutes - Non United States,4009596,"kai soluciones avanzadas, sl",7,Other,410,General Environmental Protection,41010,Environmental policy and administrative management,6,Environment,44,Environment,14x1652,"U.S. Fish and Wildlife Service, Multinational Species Conservation Fund",9,Department of the Interior,DOI,1,Economic,3,Project-Type,61145,38,Marine Turtle Conservation Fund,INVOLVING THE SPANISH LONG-DISTANCE FISHERIES IN THE CONSERVATION OF THE NW ATLANTIC-NESTING LOGGERHEAD POPULATION,F13AP00974,2013-09-06,2014-09-30,2,Obligations,2013,05SEP2013,8244,11176,8,Project-type interventions - not Investment Related,,6318
724,ESP,Spain,2,Europe and Eurasia,4,High Income Country,HIC,9,DOI,Department of the Interior,49,FWS,U.S. Fish and Wildlife Service,2,Universities and Research Institutes,4,Universities and Research Institutes - Non United States,4009596,"kai soluciones avanzadas, sl",7,Other,410,General Environmental Protection,41010,Environmental policy and administrative management,6,Environment,44,Environment,14x1652,"U.S. Fish and Wildlife Service, Multinational Species Conservation Fund",9,Department of the Interior,DOI,1,Economic,3,Project-Type,61214,38,Marine Turtle Conservation Fund,"The recipient will maintain a website to provide relevant information on the issue of sea turtle bycatch, provide 5 one day training workshops on sea turtle safe handling and release for Spainish long line fisherman in five Spanish fishing fleet ports, organize nesting beach site visit to U.S. for leaders of Spanish fishing sector.",F13AP00974,NULL,2014-09-30,3,Disbursements,2014,22NOV2013,8244,10976,8,Project-type interventions - not Investment Related,,6387
724,ESP,Spain,2,Europe and Eurasia,4,High Income Country,HIC,9,DOI,Department of the Interior,49,FWS,U.S. Fish and Wildlife Service,2,Universities and Research Institutes,4,Universities and Research Institutes - Non United States,4009596,"kai soluciones avanzadas, sl",7,Other,410,General Environmental Protection,41010,Environmental policy and administrative management,6,Environment,44,Environment,14x1652,"U.S. Fish and Wildlife Service, Multinational Species Conservation Fund",9,Department of the Interior,DOI,1,Economic,3,Project-Type,61250,38,Marine Turtle Postal Fund,INVOLVING THE SPANISH LONG-DISTANCE FISHERIES IN THE CONSERVATION OF THE NW ATLANTIC-NESTING LOGGERHEAD POPULATION,F13AP00974,2013-09-06,2014-09-30,2,Obligations,2013,05SEP2013,35719,48424,8,Project-type interventions - not Investment Related,,6423
724,ESP,Spain,2,Europe and Eurasia,4,High Income Country,HIC,9,DOI,Department of the Interior,49,FWS,U.S. Fish and Wildlife Service,2,Universities and Research Institutes,4,Universities and Research Institutes - Non United States,4009596,"kai soluciones avanzadas, sl",7,Other,410,General Environmental Protection,41010,Environmental policy and administrative management,6,Environment,44,Environment,14x1652,"U.S. Fish and Wildlife Service, Multinational Species Conservation Fund",9,Department of the Interior,DOI,1,Economic,3,Project-Type,61259,38,Marine Turtle Postal Fund,"The recipient will maintain a website to provide relevant information on the issue of sea turtle bycatch, provide 5 one day training workshops on sea turtle safe handling and release for Spainish long line fisherman in five Spanish fishing fleet ports, organize nesting beach site visit to U.S. for leaders of Spanish fishing sector.",F13AP00974,NULL,2014-09-30,3,Disbursements,2014,22NOV2013,35719,47556,8,Project-type interventions - not Investment Related,,6432
724,ESP,Spain,2,Europe and Eurasia,4,High Income Country,HIC,9,DOI,Department of the Interior,49,FWS,U.S. Fish and Wildlife Service,2,Universities and Research Institutes,4,Universities and Research Institutes - Non United States,4009596,"kai soluciones avanzadas, sl",7,Other,410,General Environmental Protection,41010,Environmental policy and administrative management,6,Environment,44,Environment,14x1652,"U.S. Fish and Wildlife Service, Multinational Species Conservation Fund",9,Department of the Interior,DOI,1,Economic,3,Project-Type,62904,38,Support of Sea Turtle Conservation,INVOLVING THE SPANISH LONG-DISTANCE FISHERIES IN THE CONSERVATION OF THE NW ATLANTIC-NESTING LOGGERHEAD POPULATION,F13AP00974,2013-09-06,2014-09-30,2,Obligations,2013,05SEP2013,2238,3033,8,Project-type interventions - not Investment Related,,8304
724,ESP,Spain,2,Europe and Eurasia,4,High Income Country,HIC,9,DOI,Department of the Interior,49,FWS,U.S. Fish and Wildlife Service,2,Universities and Research Institutes,4,Universities and Research Institutes - Non United States,4009596,"kai soluciones avanzadas, sl",7,Other,410,General Environmental Protection,41030,Bio-diversity,6,Environment,35,Natural Resources and Biodiversity,14x1611,"U.S. Fish and Wildlife Service, Resource Management",9,Department of the Interior,DOI,1,Economic,3,Project-Type,60741,38,INVOLVING THE SPANISH LONG-DISTANCE FISHERIES IN THE..CONSERVATION OF THE NW ATLANTIC-NESTING LOGGERHEAD..POPULATION,"The recipient will; 1. conduct port and on board outreach and training for improving bycatch data and safe release and handling of sea turtles: 2. conduct fishing in the Mediterranean to test and validate the ""3D"" bycatch risk zoning tool; 3. conduct pilot fish trials to assess risk of bycatch in the Atlantic areas; and 4. film fishing operations and training workshops for outreach and education purposes.",F16AP00174,2016-03-21,2017-03-31,2,Obligations,2016,21MAR2016,25000,32683,8,Project-type interventions - not Investment Related,,5858
724,ESP,Spain,2,Europe and Eurasia,4,High Income Country,HIC,9,DOI,Department of the Interior,49,FWS,U.S. Fish and Wildlife Service,2,Universities and Research Institutes,4,Universities and Research Institutes - Non United States,4009596,"kai soluciones avanzadas, sl",7,Other,410,General Environmental Protection,41030,Bio-diversity,6,Environment,35,Natural Resources and Biodiversity,14x1611,"U.S. Fish and Wildlife Service, Resource Management",9,Department of the Interior,DOI,1,Economic,3,Project-Type,60869,38,Involving the spanish long-distance fisheries in the conservation of the NW Atlantic nesting loggerhead population.,"This project supports workshops for captains and crews of Spanish long line fisheries vessels, which are the most impactful fleet in the North Atlantic and Mediterranean for loggerhead bycatch. Captains and crews will be taught bycatch mitigation measures, safe handling, and release techniques for turtles. A website will be maintained to enable the rapid dissemination of information to scientists, fisherman and government policymakers in the Mediterranean region on bycatch issues and reduction measures.",F14AP00673,2014-08-08,2015-09-30,3,Disbursements,2015,29OCT2014,40000,52710,8,Project-type interventions - not Investment Related,,5987
724,ESP,Spain,2,Europe and Eurasia,4,High Income Country,HIC,9,DOI,Department of the Interior,49,FWS,U.S. Fish and Wildlife Service,2,Universities and Research Institutes,4,Universities and Research Institutes - Non United States,4009596,"kai soluciones avanzadas, sl",7,Other,410,General Environmental Protection,41030,Bio-diversity,6,Environment,35,Natural Resources and Biodiversity,14x1652,"U.S. Fish and Wildlife Service, Multinational Species Conservation Fund",9,Department of the Interior,DOI,1,Economic,3,Project-Type,60741,38,INVOLVING THE SPANISH LONG-DISTANCE FISHERIES IN THE..CONSERVATION OF THE NW ATLANTIC-NESTING LOGGERHEAD..POPULATION,"The recipient will; 1. conduct port and on board outreach and training for improving bycatch data and safe release and handling of sea turtles: 2. conduct fishing in the Mediterranean to test and validate the ""3D"" bycatch risk zoning tool; 3. conduct pilot fish trials to assess risk of bycatch in the Atlantic areas; and 4. film fishing operations and training workshops for outreach and education purposes.",F16AP00174,2016-03-21,2017-03-31,2,Obligations,2016,21MAR2016,30000,39219,8,Project-type interventions - not Investment Related,,5858
724,ESP,Spain,2,Europe and Eurasia,4,High Income Country,HIC,9,DOI,Department of the Interior,49,FWS,U.S. Fish and Wildlife Service,2,Universities and Research Institutes,4,Universities and Research Institutes - Non United States,4009596,"kai soluciones avanzadas, sl",7,Other,410,General Environmental Protection,41030,Bio-diversity,6,Environment,35,Natural Resources and Biodiversity,14x1652,"U.S. Fish and Wildlife Service, Multinational Species Conservation Fund",9,Department of the Interior,DOI,1,Economic,3,Project-Type,60742,38,INVOLVING THE SPANISH LONG-DISTANCE FISHERIES IN THE.CONSERVATION OF THE NW ATLANTIC-NESTING LOGGERHEAD.POPULATION,"The recipient will; 1. conduct port and on board outreach and training for improving bycatch data and safe release and handling of sea turtles: 2. conduct fishing in the Mediterranean to test and validate the ""3D"" bycatch risk zoning tool; 3. conduct pilot fish trials to assess risk of bycatch in the Atlantic areas; and 4. film fishing operations and training workshops for outreach and education purposes.",F16AP00174,2016-03-21,2017-03-31,3,Disbursements,2017,14NOV2016,-30000,-38568,8,Project-type interventions - not Investment Related,55000,5859
724,ESP,Spain,2,Europe and Eurasia,4,High Income Country,HIC,9,DOI,Department of the Interior,49,FWS,U.S. Fish and Wildlife Service,2,Universities and Research Institutes,4,Universities and Research Institutes - Non United States,4009596,"kai soluciones avanzadas, sl",7,Other,410,General Environmental Protection,41030,Bio-diversity,6,Environment,35,Natural Resources and Biodiversity,14x1652,"U.S. Fish and Wildlife Service, Multinational Species Conservation Fund",9,Department of the Interior,DOI,1,Economic,3,Project-Type,60866,38,Involving the Spanish long distance fishery in the conservation of the NW Atlantic and the.Mediterranean loggerhead turtle nesting populations,1) conduct outreach and education with longline and other fishers; 2) conduct a 3 month survey in the Western Mediterranean to map turtle critical habitat and risk; and 3) conduct fishing trials in Atlantic and Mediterranean with LL vessels to test and validate the 3 d bycatch risk zoning tool and test new bycatch mitgation measures.,F17AP00407,2017-07-07,2020-09-30,3,Disbursements,2021,22JUN2021,51200,60360,8,Project-type interventions - not Investment Related,138600,5984
724,ESP,Spain,2,Europe and Eurasia,4,High Income Country,HIC,9,DOI,Department of the Interior,49,FWS,U.S. Fish and Wildlife Service,2,Universities and Research Institutes,4,Universities and Research Institutes - Non United States,4009596,"kai soluciones avanzadas, sl",7,Other,410,General Environmental Protection,41030,Bio-diversity,6,Environment,35,Natural Resources and Biodiversity,14x1652,"U.S. Fish and Wildlife Service, Multinational Species Conservation Fund",9,Department of the Interior,DOI,1,Economic,3,Project-Type,60867,38,Involving the Spanish long distance fishery in the conservation of the NW Atlantic and the.Mediterranean loggerhead turtle nesting populations,The recipient will; 1) conduct outreach and education with longline and other fishers; 2) conduct a 3 month survey in the Western Mediterranean to map turtle critical habitat and risk; and 3) conduct fishing trials in Atlantic and Mediterranean with LL vessels to test and validate the 3 d bycatch risk zoning tool and test new bycatch mitgation measures.,F17AP00407,2017-07-07,2020-09-30,2,Obligations,2017,07JUL2017,67601,86907,8,Project-type interventions - not Investment Related,92400,5985
724,ESP,Spain,2,Europe and Eurasia,4,High Income Country,HIC,9,DOI,Department of the Interior,49,FWS,U.S. Fish and Wildlife Service,2,Universities and Research Institutes,4,Universities and Research Institutes - Non United States,4009596,"kai soluciones avanzadas, sl",7,Other,410,General Environmental Protection,41030,Bio-diversity,6,Environment,35,Natural Resources and Biodiversity,14x1652,"U.S. Fish and Wildlife Service, Multinational Species Conservation Fund",9,Department of the Interior,DOI,1,Economic,3,Project-Type,60867,38,Involving the Spanish long distance fishery in the conservation of the NW Atlantic and the.Mediterranean loggerhead turtle nesting populations,The recipient will; 1) conduct outreach and education with longline and other fishers; 2) conduct a 3 month survey in the Western Mediterranean to map turtle critical habitat and risk; and 3) conduct fishing trials in Atlantic and Mediterranean with LL vessels to test and validate the 3 d bycatch risk zoning tool and test new bycatch mitgation measures.,F17AP00407,2017-07-07,2020-09-30,2,Obligations,2018,15MAY2018,46200,58105,8,Project-type interventions - not Investment Related,92400,5985
724,ESP,Spain,2,Europe and Eurasia,4,High Income Country,HIC,9,DOI,Department of the Interior,49,FWS,U.S. Fish and Wildlife Service,2,Universities and Research Institutes,4,Universities and Research Institutes - Non United States,4009596,"kai soluciones avanzadas, sl",7,Other,410,General Environmental Protection,41030,Bio-diversity,6,Environment,35,Natural Resources and Biodiversity,14x1652,"U.S. Fish and Wildlife Service, Multinational Species Conservation Fund",9,Department of the Interior,DOI,1,Economic,3,Project-Type,60867,38,Involving the Spanish long distance fishery in the conservation of the NW Atlantic and the.Mediterranean loggerhead turtle nesting populations,The recipient will; 1) conduct outreach and education with longline and other fishers; 2) conduct a 3 month survey in the Western Mediterranean to map turtle critical habitat and risk; and 3) conduct fishing trials in Atlantic and Mediterranean with LL vessels to test and validate the 3 d bycatch risk zoning tool and test new bycatch mitgation measures.,F17AP00407,2017-07-07,2020-09-30,2,Obligations,2019,28AUG2019,46200,57061,8,Project-type interventions - not Investment Related,92400,5985
724,ESP,Spain,2,Europe and Eurasia,4,High Income Country,HIC,9,DOI,Department of the Interior,49,FWS,U.S. Fish and Wildlife Service,2,Universities and Research Institutes,4,Universities and Research Institutes - Non United States,4009596,"kai soluciones avanzadas, sl",7,Other,410,General Environmental Protection,41030,Bio-diversity,6,Environment,35,Natural Resources and Biodiversity,14x1652,"U.S. Fish and Wildlife Service, Multinational Species Conservation Fund",9,Department of the Interior,DOI,1,Economic,3,Project-Type,60867,38,Involving the Spanish long distance fishery in the conservation of the NW Atlantic and the.Mediterranean loggerhead turtle nesting populations,The recipient will; 1) conduct outreach and education with longline and other fishers; 2) conduct a 3 month survey in the Western Mediterranean to map turtle critical habitat and risk; and 3) conduct fishing trials in Atlantic and Mediterranean with LL vessels to test and validate the 3 d bycatch risk zoning tool and test new bycatch mitgation measures.,F17AP00407,2017-07-07,2020-09-30,3,Disbursements,2018,13MAR2018,46200,58105,8,Project-type interventions - not Investment Related,92400,5985
724,ESP,Spain,2,Europe and Eurasia,4,High Income Country,HIC,9,DOI,Department of the Interior,49,FWS,U.S. Fish and Wildlife Service,2,Universities and Research Institutes,4,Universities and Research Institutes - Non United States,4009596,"kai soluciones avanzadas, sl",7,Other,410,General Environmental Protection,41030,Bio-diversity,6,Environment,35,Natural Resources and Biodiversity,14x1652,"U.S. Fish and Wildlife Service, Multinational Species Conservation Fund",9,Department of the Interior,DOI,1,Economic,3,Project-Type,60868,38,Involving the Spanish long distance fishery in the conservation of the NW Atlantic and the.Mediterranean loggerhead turtle nesting populations,The recipient will; 1) conduct outreach and education with longline and other fishers; 2) conduct a 3 month survey in the Western Mediterranean to map turtle critical habitat and risk; and 3) conduct fishing trials in Atlantic and Mediterranean with LL vessels to test and validate the 3 d bycatch risk zoning tool and test new bycatch mitgation measures.,F17AP00407,NULL,2020-09-30,3,Disbursements,2020,27JAN2020,-41200,-50224,8,Project-type interventions - not Investment Related,138600,5986
724,ESP,Spain,2,Europe and Eurasia,4,High Income Country,HIC,9,DOI,Department of the Interior,49,FWS,U.S. Fish and Wildlife Service,2,Universities and Research Institutes,4,Universities and Research Institutes - Non United States,4009596,"kai soluciones avanzadas, sl",7,Other,410,General Environmental Protection,41030,Bio-diversity,9,Multi-sector,43,International Contributions,14x1652,"U.S. Fish and Wildlife Service, Multinational Species Conservation Fund",9,Department of the Interior,DOI,1,Economic,3,Project-Type,58398,38,Marine Turtles ConservationFund-Species Conservation Grant,BUILDING CAPACITY TO REDUCE BYCATCH MORTALITY FROM SPANISH FISHERIES IMPACTING THE NW ATLANTIC-NESTING LOGGERHEAD POPULATION,F12AP00991,2012-08-24,2013-08-24,2,Obligations,2012,,30250,41754,8,Project-type interventions - not Investment Related,,3164
724,ESP,Spain,2,Europe and Eurasia,4,High Income Country,HIC,9,DOI,Department of the Interior,49,FWS,U.S. Fish and Wildlife Service,3,NGO,7,NGO - Non United States,3990006,NGO - Non United States Other,7,Other,410,General Environmental Protection,41030,Bio-diversity,6,Environment,35,Natural Resources and Biodiversity,14x1652,"U.S. Fish and Wildlife Service, Multinational Species Conservation Fund",9,Department of the Interior,DOI,1,Economic,3,Project-Type,59358,38,CONSERVATION OF THE LOGGERHEAD TURTLE IN THE WESTERN MEDITERRANEAN: COORDINATED SOLUTIONS FOR THE BYCATCH REDUCTION IN THE FORAGING POPULATION OF THE COMUNIDAD VALENCIANA (SPAIN). 2021-2024,"The purpose of this project is to work with Spanish gill net and trawl fishers to reduce mortality and injury to accidently captured sea turtles along the Spanish Mediterranean coast. Activities include: 1. continue evaluation of sea turtle bycatch in artisanal fisheries operating out of three Valencia community ports using on board observers; 2. continue analysis of maritime recreational fishing and sea turtle bycatch; 3. engage 22 fisherman associations to prepare a strategy for reduction of sea turtle bycatch from fishing vessels operating out of Valencia community ports; and 4. supporting awareness, education and outreach efforts directed towards fishing communities including publication of The Turtle Gazette, published with topics for fisherman practical interest as well as sea turtle conservation messaging",F21AP02733,NULL,2024-09-30,2,Obligations,2021,20SEP2021,29712,35028,8,Project-type interventions - not Investment Related,29712,4275
724,ESP,Spain,2,Europe and Eurasia,4,High Income Country,HIC,9,DOI,Department of the Interior,49,FWS,U.S. Fish and Wildlife Service,3,NGO,7,NGO - Non United States,3990006,NGO - Non United States Other,7,Other,410,General Environmental Protection,41030,Bio-diversity,6,Environment,35,Natural Resources and Biodiversity,14x1652,"U.S. Fish and Wildlife Service, Multinational Species Conservation Fund",9,Department of the Interior,DOI,1,Economic,3,Project-Type,59755,38,Conservation of the Loggerhead Turtle in the Western Mediterranean: coordinated solutions for the bycatch reduction in the foraging population of the Comunidad Valenciana (Spain),"(1) evaluate sea turtle bycatch in bottom trawl fisheries operating in the Gulf of Cadiz using questionairres and on board observers; (2) continue capcity building of artisanal, trawl and longline fishermen to reduce bycatch and increase sea turtle survival rates through safe handling techniques; (3) create a trinational network (Morocco, Portugal and Spain) to reduce the bycatch impact in the Gulf of Cadiz and Strait of Gibralta; and (4) support awareness, education and outreach efforts directed towards fishing communities including publication of The Turtle Gazette, published with topics for fisherman practical interest as well as sea turtle conservation messaging..",F19AP00491,NULL,2020-09-30,2,Obligations,2019,12SEP2019,20600,25443,8,Project-type interventions - not Investment Related,20600,4729
724,ESP,Spain,2,Europe and Eurasia,4,High Income Country,HIC,9,DOI,Department of the Interior,49,FWS,U.S. Fish and Wildlife Service,3,NGO,7,NGO - Non United States,3990006,NGO - Non United States Other,7,Other,410,General Environmental Protection,41030,Bio-diversity,6,Environment,35,Natural Resources and Biodiversity,14x1652,"U.S. Fish and Wildlife Service, Multinational Species Conservation Fund",9,Department of the Interior,DOI,1,Economic,3,Project-Type,59755,38,Conservation of the Loggerhead Turtle in the Western Mediterranean: coordinated solutions for the bycatch reduction in the foraging population of the Comunidad Valenciana (Spain),"(1) evaluate sea turtle bycatch in bottom trawl fisheries operating in the Gulf of Cadiz using questionairres and on board observers; (2) continue capcity building of artisanal, trawl and longline fishermen to reduce bycatch and increase sea turtle survival rates through safe handling techniques; (3) create a trinational network (Morocco, Portugal and Spain) to reduce the bycatch impact in the Gulf of Cadiz and Strait of Gibralta; and (4) support awareness, education and outreach efforts directed towards fishing communities including publication of The Turtle Gazette, published with topics for fisherman practical interest as well as sea turtle conservation messaging..",F19AP00491,NULL,2020-09-30,3,Disbursements,2020,21FEB2020,-20600,-25112,8,Project-type interventions - not Investment Related,20600,4729
724,ESP,Spain,2,Europe and Eurasia,4,High Income Country,HIC,9,DOI,Department of the Interior,49,FWS,U.S. Fish and Wildlife Service,3,NGO,7,NGO - Non United States,3990006,NGO - Non United States Other,7,Other,410,General Environmental Protection,41030,Bio-diversity,6,Environment,35,Natural Resources and Biodiversity,14x1652,"U.S. Fish and Wildlife Service, Multinational Species Conservation Fund",9,Department of the Interior,DOI,1,Economic,3,Project-Type,59756,38,Conservation of the Loggerhead Turtle in the Western Mediterranean: coordinated solutions for the bycatch reduction in the foraging population of the Comunidad Valenciana (Spain),"Conservation of the loggerhead turtle in the Western Mediterranean: coordinated solutions for the bycatch reduction in the foraging population of the Communidad Valencia, Spain",F15AP00653,2015-07-14,2016-07-30,2,Obligations,2015,14JUL2015,19543,25753,8,Project-type interventions - not Investment Related,,4730
724,ESP,Spain,2,Europe and Eurasia,4,High Income Country,HIC,9,DOI,Department of the Interior,49,FWS,U.S. Fish and Wildlife Service,3,NGO,7,NGO - Non United States,3990006,NGO - Non United States Other,7,Other,410,General Environmental Protection,41030,Bio-diversity,6,Environment,35,Natural Resources and Biodiversity,14x1652,"U.S. Fish and Wildlife Service, Multinational Species Conservation Fund",9,Department of the Interior,DOI,1,Economic,3,Project-Type,59756,38,Conservation of the Loggerhead Turtle in the Western Mediterranean: coordinated solutions for the bycatch reduction in the foraging population of the Comunidad Valenciana (Spain),"Conservation of the loggerhead turtle in the Western Mediterranean: coordinated solutions for the bycatch reduction in the foraging population of the Communidad Valencia, Spain",F15AP00653,2015-07-14,2016-07-30,3,Disbursements,2015,23JUL2015,19543,25753,8,Project-type interventions - not Investment Related,,4730
724,ESP,Spain,2,Europe and Eurasia,4,High Income Country,HIC,9,DOI,Department of the Interior,49,FWS,U.S. Fish and Wildlife Service,3,NGO,7,NGO - Non United States,3990006,NGO - Non United States Other,7,Other,410,General Environmental Protection,41030,Bio-diversity,6,Environment,35,Natural Resources and Biodiversity,14x1652,"U.S. Fish and Wildlife Service, Multinational Species Conservation Fund",9,Department of the Interior,DOI,1,Economic,3,Project-Type,59757,38,Conservation of the Loggerhead Turtle in the Western Mediterranean: coordinated solutions for the bycatch reduction in the foraging population of the Comunidad Valenciana (Spain),"The purpose and intent of this project is to work with Spanish gill net and trawl fishers to reduce mortality and injury to accidently captured sea turtles along the Spanish Mediterranean coast. Juvenile loggerheads from the U.S. nesting popualtion account for about half of loggerheads interacting with fisheries in the Western Meditteranean. Activities include: (1) continue evaluation of sea turtle bycatch in artisanal fisheries operating out of three Valencia community ports using on board observers; (2) continue analysis of maritime recreational fishing and sea turtle bycatch; (3) engage 22 fisherman associations to prepare a strategy for reduction of sea turtle bycatch from fishing vessels operating out of Valencia community ports; and (4) supporting awareness, education and outreach efforts directed towards fishing communities including publication of The Turtle Gazette, published with topics for fisherman practical interest as well as sea turtle conservation messaging.",F18AP00211,NULL,2019-06-30,2,Obligations,2018,07MAY2018,27985,35196,8,Project-type interventions - not Investment Related,,4731
724,ESP,Spain,2,Europe and Eurasia,4,High Income Country,HIC,9,DOI,Department of the Interior,49,FWS,U.S. Fish and Wildlife Service,3,NGO,7,NGO - Non United States,3990006,NGO - Non United States Other,7,Other,410,General Environmental Protection,41030,Bio-diversity,6,Environment,35,Natural Resources and Biodiversity,14x1652,"U.S. Fish and Wildlife Service, Multinational Species Conservation Fund",9,Department of the Interior,DOI,1,Economic,3,Project-Type,59757,38,Conservation of the Loggerhead Turtle in the Western Mediterranean: coordinated solutions for the bycatch reduction in the foraging population of the Comunidad Valenciana (Spain),"The purpose and intent of this project is to work with Spanish gill net and trawl fishers to reduce mortality and injury to accidently captured sea turtles along the Spanish Mediterranean coast. Juvenile loggerheads from the U.S. nesting popualtion account for about half of loggerheads interacting with fisheries in the Western Meditteranean. Activities include: (1) continue evaluation of sea turtle bycatch in artisanal fisheries operating out of three Valencia community ports using on board observers; (2) continue analysis of maritime recreational fishing and sea turtle bycatch; (3) engage 22 fisherman associations to prepare a strategy for reduction of sea turtle bycatch from fishing vessels operating out of Valencia community ports; and (4) supporting awareness, education and outreach efforts directed towards fishing communities including publication of The Turtle Gazette, published with topics for fisherman practical interest as well as sea turtle conservation messaging.",F18AP00211,NULL,2019-06-30,3,Disbursements,2018,29MAY2018,27985,35196,8,Project-type interventions - not Investment Related,,4731
724,ESP,Spain,2,Europe and Eurasia,4,High Income Country,HIC,9,DOI,Department of the Interior,49,FWS,U.S. Fish and Wildlife Service,3,NGO,7,NGO - Non United States,3990006,NGO - Non United States Other,7,Other,410,General Environmental Protection,41030,Bio-diversity,6,Environment,35,Natural Resources and Biodiversity,14x1652,"U.S. Fish and Wildlife Service, Multinational Species Conservation Fund",9,Department of the Interior,DOI,1,Economic,3,Project-Type,59758,38,Conservation of the Loggerhead Turtle in the Western Mediterranean: coordinated solutions for the bycatch reduction in the foraging population of the Comunidad Valenciana (Spain).,"The recipient will 1. evaluate marine turtle bycatch in artisianal fisheries operating in ports of Valencia Province with onborard observers; 2. conduct a preliminary analysis of the maritime recreational fisheries in Valencia and promote proper care of captured sea turtles; 3. conduct sea turtle conservation awareness campaign in newpapers , with newsletters and other means; 4. Support the Turtle Gazette newspaper for fisherman with 4 publications annually; and 4. work with the 59 coastal municipalities of Valenica to advance conservation of the loggerhead relative to land and waste management effectiving coastal marine environments.",F17AP00182,2017-03-16,2018-03-31,2,Obligations,2017,16MAR2017,24497,31493,8,Project-type interventions - not Investment Related,24497,4732
724,ESP,Spain,2,Europe and Eurasia,4,High Income Country,HIC,9,DOI,Department of the Interior,49,FWS,U.S. Fish and Wildlife Service,3,NGO,7,NGO - Non United States,3990006,NGO - Non United States Other,7,Other,410,General Environmental Protection,41030,Bio-diversity,6,Environment,35,Natural Resources and Biodiversity,14x1652,"U.S. Fish and Wildlife Service, Multinational Species Conservation Fund",9,Department of the Interior,DOI,1,Economic,3,Project-Type,59758,38,Conservation of the Loggerhead Turtle in the Western Mediterranean: coordinated solutions for the bycatch reduction in the foraging population of the Comunidad Valenciana (Spain).,"The recipient will 1. evaluate marine turtle bycatch in artisianal fisheries operating in ports of Valencia Province with onborard observers; 2. conduct a preliminary analysis of the maritime recreational fisheries in Valencia and promote proper care of captured sea turtles; 3. conduct sea turtle conservation awareness campaign in newpapers , with newsletters and other means; 4. Support the Turtle Gazette newspaper for fisherman with 4 publications annually; and 4. work with the 59 coastal municipalities of Valenica to advance conservation of the loggerhead relative to land and waste management effectiving coastal marine environments.",F17AP00182,2017-03-16,2018-03-31,3,Disbursements,2017,10JUL2017,12570,16160,8,Project-type interventions - not Investment Related,24497,4732
724,ESP,Spain,2,Europe and Eurasia,4,High Income Country,HIC,9,DOI,Department of the Interior,49,FWS,U.S. Fish and Wildlife Service,8,Enterprises,20,Enterprises - Non United States,4013681,Asesores Tecnicos de MedioAmbiente S.L.,7,Other,410,General Environmental Protection,41030,Bio-diversity,6,Environment,35,Natural Resources and Biodiversity,14x1611,"U.S. Fish and Wildlife Service, Resource Management",9,Department of the Interior,DOI,1,Economic,3,Project-Type,60167,38,Education and Training to CITES Authorities in Central America and the Caribbean,"The purpose of this project is to counter wildlife trafficking in Central America and the Caribbean by capacity development in several countries of the region on the implementation of CITES. This will be done by facilitating the successful selection, mentorship, and graduation of students in a Masters Course on CITES. Key intended results include the graduation of a co- hort of students, and the subsequent strengthening of CITES Authorities in the region.Specific activities will include: (1) facilitating the successful selection, mentorship, and graduation of students on the mentioned Masters Course. A CITES expert will support all academic needs of the students, including contribution to the selection of students among the CITES authorities in the region, support during the in-person stage (11 weeks), support for selection of topics for Master theses and search for directors, and support during the theses elaboration until their completion. (2) coverage of all logistic needs of students: traveling from their countries to Spain and back, accommodation, maintenance, academic taxes, simultaneous interpretation English- Spanish, small economic support for thesis field work, health and accident insurance.",F17AC00903,2017-10-01,2019-09-30,3,Disbursements,2019,05APR2019,-155194,-191678,8,Project-type interventions - not Investment Related,435194,5209
724,ESP,Spain,2,Europe and Eurasia,4,High Income Country,HIC,9,DOI,Department of the Interior,49,FWS,U.S. Fish and Wildlife Service,8,Enterprises,20,Enterprises - Non United States,4013681,Asesores Tecnicos de MedioAmbiente S.L.,7,Other,410,General Environmental Protection,41030,Bio-diversity,6,Environment,35,Natural Resources and Biodiversity,14x1611,"U.S. Fish and Wildlife Service, Resource Management",9,Department of the Interior,DOI,1,Economic,3,Project-Type,60168,38,Education and Training to CITES Authorities in Central America and the Caribbean,"The purpose of this project is to counter wildlife trafficking in Central America and the Caribbean by capacity development in several countries of the region on the implementation of CITES. This will be done by facilitating the successful selection, mentorship, and graduation of students in a Masters Course on CITES. Key intended results include the graduation of a co- hort of students, and the subsequent strengthening of CITES Authorities in the region.Specific activities will include: (1) facilitating the successful selection, mentorship, and graduation of students on the mentioned Masters Course. A CITES expert will support all academic needs of the students, including contribution to the selection of students among the CITES authorities in the region, support during the in-person stage (11 weeks), support for selection of topics for Master theses and search for directors, and support during the theses elaboration until their completion. (2) coverage of all logistic needs of students: traveling from their countries to Spain and back, accommodation, maintenance, academic taxes, simultaneous interpretation English- Spanish, small economic support for thesis field work, health and accident insurance.",F17AC00903,2017-10-01,2019-09-30,3,Disbursements,2018,13NOV2017,17000,21381,8,Project-type interventions - not Investment Related,422113,5210
724,ESP,Spain,2,Europe and Eurasia,4,High Income Country,HIC,9,DOI,Department of the Interior,49,FWS,U.S. Fish and Wildlife Service,8,Enterprises,20,Enterprises - Non United States,4013681,Asesores Tecnicos de MedioAmbiente S.L.,7,Other,410,General Environmental Protection,41030,Bio-diversity,6,Environment,35,Natural Resources and Biodiversity,14x1611,"U.S. Fish and Wildlife Service, Resource Management",9,Department of the Interior,DOI,1,Economic,3,Project-Type,60168,38,Education and Training to CITES Authorities in Central America and the Caribbean,"The purpose of this project is to counter wildlife trafficking in Central America and the Caribbean by capacity development in several countries of the region on the implementation of CITES. This will be done by facilitating the successful selection, mentorship, and graduation of students in a Masters Course on CITES. Key intended results include the graduation of a co- hort of students, and the subsequent strengthening of CITES Authorities in the region.Specific activities will include: (1) facilitating the successful selection, mentorship, and graduation of students on the mentioned Masters Course. A CITES expert will support all academic needs of the students, including contribution to the selection of students among the CITES authorities in the region, support during the in-person stage (11 weeks), support for selection of topics for Master theses and search for directors, and support during the theses elaboration until their completion. (2) coverage of all logistic needs of students: traveling from their countries to Spain and back, accommodation, maintenance, academic taxes, simultaneous interpretation English- Spanish, small economic support for thesis field work, health and accident insurance.",F17AC00903,2017-10-01,2019-09-30,3,Disbursements,2018,03JAN2018,263000,330770,8,Project-type interventions - not Investment Related,422113,5210
724,ESP,Spain,2,Europe and Eurasia,4,High Income Country,HIC,9,DOI,Department of the Interior,49,FWS,U.S. Fish and Wildlife Service,8,Enterprises,20,Enterprises - Non United States,4013681,Asesores Tecnicos de MedioAmbiente S.L.,7,Other,410,General Environmental Protection,41030,Bio-diversity,6,Environment,35,Natural Resources and Biodiversity,72x1021,"Agency for International Development, Development Assistance",1,U.S. Agency for International Development,USAID,1,Economic,3,Project-Type,60168,38,Education and Training to CITES Authorities in Central America and the Caribbean,"The purpose of this project is to counter wildlife trafficking in Central America and the Caribbean by capacity development in several countries of the region on the implementation of CITES. This will be done by facilitating the successful selection, mentorship, and graduation of students in a Masters Course on CITES. Key intended results include the graduation of a co- hort of students, and the subsequent strengthening of CITES Authorities in the region.Specific activities will include: (1) facilitating the successful selection, mentorship, and graduation of students on the mentioned Masters Course. A CITES expert will support all academic needs of the students, including contribution to the selection of students among the CITES authorities in the region, support during the in-person stage (11 weeks), support for selection of topics for Master theses and search for directors, and support during the theses elaboration until their completion. (2) coverage of all logistic needs of students: traveling from their countries to Spain and back, accommodation, maintenance, academic taxes, simultaneous interpretation English- Spanish, small economic support for thesis field work, health and accident insurance.",F17AC00903,2017-10-01,2019-09-30,2,Obligations,2017,19SEP2017,105229,135283,8,Project-type interventions - not Investment Related,422113,5210
724,ESP,Spain,2,Europe and Eurasia,4,High Income Country,HIC,9,DOI,Department of the Interior,49,FWS,U.S. Fish and Wildlife Service,8,Enterprises,20,Enterprises - Non United States,4013681,Asesores Tecnicos de MedioAmbiente S.L.,7,Other,410,General Environmental Protection,41030,Bio-diversity,6,Environment,35,Natural Resources and Biodiversity,72x1021,"Agency for International Development, Development Assistance",1,U.S. Agency for International Development,USAID,1,Economic,3,Project-Type,60168,38,Education and Training to CITES Authorities in Central America and the Caribbean,"The purpose of this project is to counter wildlife trafficking in Central America and the Caribbean by capacity development in several countries of the region on the implementation of CITES. This will be done by facilitating the successful selection, mentorship, and graduation of students in a Masters Course on CITES. Key intended results include the graduation of a co- hort of students, and the subsequent strengthening of CITES Authorities in the region.Specific activities will include: (1) facilitating the successful selection, mentorship, and graduation of students on the mentioned Masters Course. A CITES expert will support all academic needs of the students, including contribution to the selection of students among the CITES authorities in the region, support during the in-person stage (11 weeks), support for selection of topics for Master theses and search for directors, and support during the theses elaboration until their completion. (2) coverage of all logistic needs of students: traveling from their countries to Spain and back, accommodation, maintenance, academic taxes, simultaneous interpretation English- Spanish, small economic support for thesis field work, health and accident insurance.",F17AC00903,2017-10-01,2019-09-30,2,Obligations,2018,30AUG2018,4568,5745,8,Project-type interventions - not Investment Related,422113,5210
724,ESP,Spain,2,Europe and Eurasia,4,High Income Country,HIC,9,DOI,Department of the Interior,49,FWS,U.S. Fish and Wildlife Service,8,Enterprises,20,Enterprises - Non United States,4013681,Asesores Tecnicos de MedioAmbiente S.L.,7,Other,410,General Environmental Protection,41030,Bio-diversity,6,Environment,35,Natural Resources and Biodiversity,72x1021,"Agency for International Development, Development Assistance",1,U.S. Agency for International Development,USAID,1,Economic,3,Project-Type,60168,38,Education and Training to CITES Authorities in Central America and the Caribbean,"The purpose of this project is to counter wildlife trafficking in Central America and the Caribbean by capacity development in several countries of the region on the implementation of CITES. This will be done by facilitating the successful selection, mentorship, and graduation of students in a Masters Course on CITES. Key intended results include the graduation of a co- hort of students, and the subsequent strengthening of CITES Authorities in the region.Specific activities will include: (1) facilitating the successful selection, mentorship, and graduation of students on the mentioned Masters Course. A CITES expert will support all academic needs of the students, including contribution to the selection of students among the CITES authorities in the region, support during the in-person stage (11 weeks), support for selection of topics for Master theses and search for directors, and support during the theses elaboration until their completion. (2) coverage of all logistic needs of students: traveling from their countries to Spain and back, accommodation, maintenance, academic taxes, simultaneous interpretation English- Spanish, small economic support for thesis field work, health and accident insurance.",F17AC00903,2017-10-01,2019-09-30,2,Obligations,2020,23MAR2020,-13081,-15946,8,Project-type interventions - not Investment Related,422113,5210
724,ESP,Spain,2,Europe and Eurasia,4,High Income Country,HIC,9,DOI,Department of the Interior,49,FWS,U.S. Fish and Wildlife Service,8,Enterprises,20,Enterprises - Non United States,4013681,Asesores Tecnicos de MedioAmbiente S.L.,7,Other,410,General Environmental Protection,41030,Bio-diversity,6,Environment,35,Natural Resources and Biodiversity,72x1021,"Agency for International Development, Development Assistance",1,U.S. Agency for International Development,USAID,1,Economic,3,Project-Type,60168,38,Education and Training to CITES Authorities in Central America and the Caribbean,"The purpose of this project is to counter wildlife trafficking in Central America and the Caribbean by capacity development in several countries of the region on the implementation of CITES. This will be done by facilitating the successful selection, mentorship, and graduation of students in a Masters Course on CITES. Key intended results include the graduation of a co- hort of students, and the subsequent strengthening of CITES Authorities in the region.Specific activities will include: (1) facilitating the successful selection, mentorship, and graduation of students on the mentioned Masters Course. A CITES expert will support all academic needs of the students, including contribution to the selection of students among the CITES authorities in the region, support during the in-person stage (11 weeks), support for selection of topics for Master theses and search for directors, and support during the theses elaboration until their completion. (2) coverage of all logistic needs of students: traveling from their countries to Spain and back, accommodation, maintenance, academic taxes, simultaneous interpretation English- Spanish, small economic support for thesis field work, health and accident insurance.",F17AC00903,2017-10-01,2019-09-30,2,Obligations,2021,17NOV2020,-13081,-15421,8,Project-type interventions - not Investment Related,422113,5210
724,ESP,Spain,2,Europe and Eurasia,4,High Income Country,HIC,9,DOI,Department of the Interior,49,FWS,U.S. Fish and Wildlife Service,8,Enterprises,20,Enterprises - Non United States,4014293,The Oceanogrfic Foundation,7,Other,410,General Environmental Protection,41030,Bio-diversity,6,Environment,35,Natural Resources and Biodiversity,14x1652,"U.S. Fish and Wildlife Service, Multinational Species Conservation Fund",9,Department of the Interior,DOI,1,Economic,3,Project-Type,58723,38,ASSESSMENT OF SEA TURTLE BY-CATCH IN TRAWLING FISHERIES FROM THE ADRIATIC SEA AND POST-INTERACTION MORTALITY DUE TO GAS EMBOLISM,This project aims at obtaining realistic data about the impact of by - catch in sea turtles in the adriatic sea and defining feasable mitigation measures.,F19AP00001,NULL,2019-12-31,2,Obligations,2019,01NOV2018,70094,86572,8,Project-type interventions - not Investment Related,70094,3535
724,ESP,Spain,2,Europe and Eurasia,4,High Income Country,HIC,9,DOI,Department of the Interior,49,FWS,U.S. Fish and Wildlife Service,8,Enterprises,20,Enterprises - Non United States,4014293,The Oceanogrfic Foundation,7,Other,410,General Environmental Protection,41030,Bio-diversity,6,Environment,35,Natural Resources and Biodiversity,14x1652,"U.S. Fish and Wildlife Service, Multinational Species Conservation Fund",9,Department of the Interior,DOI,1,Economic,3,Project-Type,58723,38,ASSESSMENT OF SEA TURTLE BY-CATCH IN TRAWLING FISHERIES FROM THE ADRIATIC SEA AND POST-INTERACTION MORTALITY DUE TO GAS EMBOLISM,This project aims at obtaining realistic data about the impact of by - catch in sea turtles in the adriatic sea and defining feasable mitigation measures.,F19AP00001,NULL,2019-12-31,3,Disbursements,2019,04DEC2018,-70094,-86572,8,Project-type interventions - not Investment Related,70094,3535
724,ESP,Spain,2,Europe and Eurasia,4,High Income Country,HIC,10,DOJ,Department of Justice,88,FBI,Federal Bureau of Investigation,1,Government,1,Government - United States,1000010,U.S. Government - Department of Justice,3,Governance,151,Government and Civil Society,15130,Legal and judicial development,1,Peace and Security,3,Stabilization Operations and Security Sector Reform,15x0200,"Federal Bureau of Investigation, Salaries and Expenses",10,Department of Justice,DOJ,1,Economic,4,Technical Assistance,251804,81,FBI Foreign Biometric Exchange Assessment,FBI Foreign Biometric Exchange Assessment; Foreign Biometric Exchange Assessment,NULL,NULL,NULL,2,Obligations,2010,,15982,22911,13,Technical Cooperation - Other,,41
724,ESP,Spain,2,Europe and Eurasia,4,High Income Country,HIC,10,DOJ,Department of Justice,88,FBI,Federal Bureau of Investigation,1,Government,1,Government - United States,1000010,U.S. Government - Department of Justice,3,Governance,151,Government and Civil Society,15130,Legal and judicial development,1,Peace and Security,3,Stabilization Operations and Security Sector Reform,15x0200,"Federal Bureau of Investigation, Salaries and Expenses",10,Department of Justice,DOJ,1,Economic,4,Technical Assistance,251804,81,FBI Foreign Biometric Exchange Assessment,FBI Foreign Biometric Exchange Assessment; Foreign Biometric Exchange Assessment,NULL,NULL,NULL,3,Disbursements,2010,,15982,22911,13,Technical Cooperation - Other,,41
724,ESP,Spain,2,Europe and Eurasia,4,High Income Country,HIC,10,DOJ,Department of Justice,88,FBI,Federal Bureau of Investigation,1,Government,1,Government - United States,1000010,U.S. Government - Department of Justice,3,Governance,151,Government and Civil Society,15130,Legal and judicial development,1,Peace and Security,3,Stabilization Operations and Security Sector Reform,15x0200,"Federal Bureau of Investigation, Salaries and Expenses",10,Department of Justice,DOJ,1,Economic,4,Technical Assistance,251981,81,Consultation,Consultation; Assisted in three case consultations as well as provided training.,NULL,2011-10-22,2011-11-03,2,Obligations,2012,,4328,5974,13,Technical Cooperation - Other,,218
724,ESP,Spain,2,Europe and Eurasia,4,High Income Country,HIC,10,DOJ,Department of Justice,88,FBI,Federal Bureau of Investigation,1,Government,1,Government - United States,1000010,U.S. Government - Department of Justice,3,Governance,151,Government and Civil Society,15130,Legal and judicial development,1,Peace and Security,3,Stabilization Operations and Security Sector Reform,15x0200,"Federal Bureau of Investigation, Salaries and Expenses",10,Department of Justice,DOJ,1,Economic,4,Technical Assistance,252007,81,FBI Foreign Biometric Exchange Assessment,FBI Foreign Biometric Exchange Assessment; Foreign Biometric Exchange Assessment,NULL,2012-05-19,2012-05-21,2,Obligations,2012,,4405,6080,13,Technical Cooperation - Other,,244
724,ESP,Spain,2,Europe and Eurasia,4,High Income Country,HIC,10,DOJ,Department of Justice,88,FBI,Federal Bureau of Investigation,1,Government,1,Government - United States,1000010,U.S. Government - Department of Justice,3,Governance,151,Government and Civil Society,15130,Legal and judicial development,1,Peace and Security,3,Stabilization Operations and Security Sector Reform,15x0200,"Federal Bureau of Investigation, Salaries and Expenses",10,Department of Justice,DOJ,1,Economic,4,Technical Assistance,252007,81,FBI Foreign Biometric Exchange Assessment,FBI Foreign Biometric Exchange Assessment; Foreign Biometric Exchange Assessment,NULL,2012-05-19,2012-05-21,3,Disbursements,2012,,4405,6080,13,Technical Cooperation - Other,,244
724,ESP,Spain,2,Europe and Eurasia,4,High Income Country,HIC,10,DOJ,Department of Justice,88,FBI,Federal Bureau of Investigation,1,Government,1,Government - United States,1000010,U.S. Government - Department of Justice,3,Governance,151,Government and Civil Society,15130,Legal and judicial development,1,Peace and Security,3,Stabilization Operations and Security Sector Reform,15x0200,"Federal Bureau of Investigation, Salaries and Expenses",10,Department of Justice,DOJ,1,Economic,4,Technical Assistance,252018,81,FBI Foreign Biometric Exchange Assessment,FBI Foreign Biometric Exchange Assessment; Foreign Biometric Exchange Assessment,NULL,2012-09-24,2012-09-29,2,Obligations,2012,,4282,5910,13,Technical Cooperation - Other,,255
724,ESP,Spain,2,Europe and Eurasia,4,High Income Country,HIC,10,DOJ,Department of Justice,88,FBI,Federal Bureau of Investigation,1,Government,1,Government - United States,1000010,U.S. Government - Department of Justice,3,Governance,151,Government and Civil Society,15130,Legal and judicial development,1,Peace and Security,3,Stabilization Operations and Security Sector Reform,15x0200,"Federal Bureau of Investigation, Salaries and Expenses",10,Department of Justice,DOJ,1,Economic,4,Technical Assistance,252018,81,FBI Foreign Biometric Exchange Assessment,FBI Foreign Biometric Exchange Assessment; Foreign Biometric Exchange Assessment,NULL,2012-09-24,2012-09-29,3,Disbursements,2012,,4282,5910,13,Technical Cooperation - Other,,255
724,ESP,Spain,2,Europe and Eurasia,4,High Income Country,HIC,10,DOJ,Department of Justice,89,ATF,"Bureau of Alcohol, Tobacco, Firearms and Explosives",1,Government,1,Government - United States,1000010,U.S. Government - Department of Justice,3,Governance,151,Government and Civil Society,15130,Legal and judicial development,1,Peace and Security,3,Stabilization Operations and Security Sector Reform,15x0700,"Bureau of Alcohol, Tobacco, Firearms and Explosives, Salaries and Expenses",10,Department of Justice,DOJ,1,Economic,4,Technical Assistance,252275,82,ATF eTrace Program/Basic Firearms and Explosives Identification and Tracing Course,ATF eTrace Program/Basic Firearms and Explosives Identification and Tracing Course; The systematic process of tracking a recovered crime guns history from its source (manufacturer/importer) through the chain of distribution (wholesaler/retailer) to the first unlicensed purchaser of the firearm.,A1P,NULL,NULL,2,Obligations,2009,,86,124,13,Technical Cooperation - Other,,84
724,ESP,Spain,2,Europe and Eurasia,4,High Income Country,HIC,10,DOJ,Department of Justice,89,ATF,"Bureau of Alcohol, Tobacco, Firearms and Explosives",1,Government,1,Government - United States,1000010,U.S. Government - Department of Justice,3,Governance,151,Government and Civil Society,15130,Legal and judicial development,1,Peace and Security,3,Stabilization Operations and Security Sector Reform,15x0700,"Bureau of Alcohol, Tobacco, Firearms and Explosives, Salaries and Expenses",10,Department of Justice,DOJ,1,Economic,4,Technical Assistance,252275,82,ATF eTrace Program/Basic Firearms and Explosives Identification and Tracing Course,ATF eTrace Program/Basic Firearms and Explosives Identification and Tracing Course; The systematic process of tracking a recovered crime guns history from its source (manufacturer/importer) through the chain of distribution (wholesaler/retailer) to the first unlicensed purchaser of the firearm.,A1P,NULL,NULL,2,Obligations,2010,,2830,4057,13,Technical Cooperation - Other,,84
724,ESP,Spain,2,Europe and Eurasia,4,High Income Country,HIC,10,DOJ,Department of Justice,89,ATF,"Bureau of Alcohol, Tobacco, Firearms and Explosives",1,Government,1,Government - United States,1000010,U.S. Government - Department of Justice,3,Governance,151,Government and Civil Society,15130,Legal and judicial development,1,Peace and Security,3,Stabilization Operations and Security Sector Reform,15x0700,"Bureau of Alcohol, Tobacco, Firearms and Explosives, Salaries and Expenses",10,Department of Justice,DOJ,1,Economic,4,Technical Assistance,252275,82,ATF eTrace Program/Basic Firearms and Explosives Identification and Tracing Course,ATF eTrace Program/Basic Firearms and Explosives Identification and Tracing Course; The systematic process of tracking a recovered crime guns history from its source (manufacturer/importer) through the chain of distribution (wholesaler/retailer) to the first unlicensed purchaser of the firearm.,A1P,NULL,NULL,3,Disbursements,2009,,86,124,13,Technical Cooperation - Other,,84
724,ESP,Spain,2,Europe and Eurasia,4,High Income Country,HIC,10,DOJ,Department of Justice,89,ATF,"Bureau of Alcohol, Tobacco, Firearms and Explosives",1,Government,1,Government - United States,1000010,U.S. Government - Department of Justice,3,Governance,151,Government and Civil Society,15130,Legal and judicial development,1,Peace and Security,3,Stabilization Operations and Security Sector Reform,15x0700,"Bureau of Alcohol, Tobacco, Firearms and Explosives, Salaries and Expenses",10,Department of Justice,DOJ,1,Economic,4,Technical Assistance,252275,82,ATF eTrace Program/Basic Firearms and Explosives Identification and Tracing Course,ATF eTrace Program/Basic Firearms and Explosives Identification and Tracing Course; The systematic process of tracking a recovered crime guns history from its source (manufacturer/importer) through the chain of distribution (wholesaler/retailer) to the first unlicensed purchaser of the firearm.,A1P,NULL,NULL,3,Disbursements,2010,,2406,3449,13,Technical Cooperation - Other,,84
724,ESP,Spain,2,Europe and Eurasia,4,High Income Country,HIC,12,DOC,Department of Commerce,40,NOAA,National Oceanic and Atmospheric Administration,3,NGO,7,NGO - Non United States,4013418,Associacio Submon Divulgacio Estudi I Conservacio De L'Entorn Natural,7,Other,410,General Environmental Protection,41010,Environmental policy and administrative management,6,Environment,44,Environment,13x1450,"National Oceanic and Atmospheric Administration, Operations, Research and Facilities",12,Department of Commerce,DOC,1,Economic,3,Project-Type,8471,12,"U.S. Department of Commerce, National Oceanic and Atmospheric Administration (NOAA): NOAA International Program","U.S. Department of Commerce, National Oceanic and Atmospheric Administration (NOAA): Grant through Associacio Submon Divulgacio Estudi I Conservacio De L'Entorn Natural.",NA16NMF4720274,2016-11-01,NULL,2,Obligations,2016,,10000,13073,8,Project-type interventions - not Investment Related,,48
724,ESP,Spain,2,Europe and Eurasia,4,High Income Country,HIC,13,DOE,Department of Energy,36,NNSA,National Nuclear Security Administration,1,Government,1,Government - United States,1000016,U.S. Government - Department of Energy,3,Governance,152,"Conflict, Peace, and Security",1520010,Disarmament of Weapons of Mass Destruction (WMD),1,Peace and Security,2,Combating Weapons of Mass Destruction (WMD),89x0309,"Department of Energy, Defense Nuclear Nonproliferation",13,Department of Energy,DOE,1,Economic,3,Project-Type,30153,23,"Department of Energy, International Nuclear Materials Protection & Cooperation","Second Line of Defense Core.  Deter, detect, and interdict illicit trafficking in nuclear and other radioactive materials.",NN5000,2012-01-01,2014-09-30,2,Obligations,2013,01OCT2012,783867,1062681,8,Project-type interventions - not Investment Related,,399
724,ESP,Spain,2,Europe and Eurasia,4,High Income Country,HIC,13,DOE,Department of Energy,36,NNSA,National Nuclear Security Administration,1,Government,1,Government - United States,1000016,U.S. Government - Department of Energy,3,Governance,152,"Conflict, Peace, and Security",1520010,Disarmament of Weapons of Mass Destruction (WMD),1,Peace and Security,2,Combating Weapons of Mass Destruction (WMD),89x0309,"Department of Energy, Defense Nuclear Nonproliferation",13,Department of Energy,DOE,1,Economic,3,Project-Type,30153,23,"Department of Energy, International Nuclear Materials Protection & Cooperation","Second Line of Defense Core.  Deter, detect, and interdict illicit trafficking in nuclear and other radioactive materials.",NN5000,2012-01-01,2014-09-30,2,Obligations,2014,01OCT2013,3107730,4137632,8,Project-type interventions - not Investment Related,,399
724,ESP,Spain,2,Europe and Eurasia,4,High Income Country,HIC,13,DOE,Department of Energy,36,NNSA,National Nuclear Security Administration,1,Government,1,Government - United States,1000016,U.S. Government - Department of Energy,3,Governance,152,"Conflict, Peace, and Security",1520010,Disarmament of Weapons of Mass Destruction (WMD),1,Peace and Security,2,Combating Weapons of Mass Destruction (WMD),89x0309,"Department of Energy, Defense Nuclear Nonproliferation",13,Department of Energy,DOE,1,Economic,3,Project-Type,30153,23,"Department of Energy, International Nuclear Materials Protection & Cooperation","Second Line of Defense Core.  Deter, detect, and interdict illicit trafficking in nuclear and other radioactive materials.",NN5000,2012-01-01,2014-09-30,3,Disbursements,2013,30SEP2013,914249,1239437,8,Project-type interventions - not Investment Related,,399
724,ESP,Spain,2,Europe and Eurasia,4,High Income Country,HIC,13,DOE,Department of Energy,36,NNSA,National Nuclear Security Administration,1,Government,1,Government - United States,1000016,U.S. Government - Department of Energy,3,Governance,152,"Conflict, Peace, and Security",1520010,Disarmament of Weapons of Mass Destruction (WMD),1,Peace and Security,2,Combating Weapons of Mass Destruction (WMD),89x0309,"Department of Energy, Defense Nuclear Nonproliferation",13,Department of Energy,DOE,1,Economic,3,Project-Type,30153,23,"Department of Energy, International Nuclear Materials Protection & Cooperation","Second Line of Defense Core.  Deter, detect, and interdict illicit trafficking in nuclear and other radioactive materials.",NN5000,2012-01-01,2014-09-30,3,Disbursements,2014,30SEP2014,2033985,2708047,8,Project-type interventions - not Investment Related,,399
724,ESP,Spain,2,Europe and Eurasia,4,High Income Country,HIC,13,DOE,Department of Energy,36,NNSA,National Nuclear Security Administration,1,Government,1,Government - United States,1000016,U.S. Government - Department of Energy,3,Governance,152,"Conflict, Peace, and Security",1520010,Disarmament of Weapons of Mass Destruction (WMD),1,Peace and Security,2,Combating Weapons of Mass Destruction (WMD),89x0309,"Department of Energy, Defense Nuclear Nonproliferation",13,Department of Energy,DOE,1,Economic,3,Project-Type,30160,23,"Department of Energy, International Nuclear Materials Protection & Cooperation","Second Line of Defense Megaports.  Deter, detect, and interdict illicit trafficking in nuclear and other radioactive materials.",NN5005040,2010-10-01,2012-09-30,2,Obligations,2011,,17829721,25056721,8,Project-type interventions - not Investment Related,,406
724,ESP,Spain,2,Europe and Eurasia,4,High Income Country,HIC,13,DOE,Department of Energy,36,NNSA,National Nuclear Security Administration,1,Government,1,Government - United States,1000016,U.S. Government - Department of Energy,3,Governance,152,"Conflict, Peace, and Security",1520010,Disarmament of Weapons of Mass Destruction (WMD),1,Peace and Security,2,Combating Weapons of Mass Destruction (WMD),89x0309,"Department of Energy, Defense Nuclear Nonproliferation",13,Department of Energy,DOE,1,Economic,3,Project-Type,30160,23,"Department of Energy, International Nuclear Materials Protection & Cooperation","Second Line of Defense Megaports.  Deter, detect, and interdict illicit trafficking in nuclear and other radioactive materials.",NN5005040,2010-10-01,2012-09-30,3,Disbursements,2011,,14894251,20931405,8,Project-type interventions - not Investment Related,,406
724,ESP,Spain,2,Europe and Eurasia,4,High Income Country,HIC,13,DOE,Department of Energy,36,NNSA,National Nuclear Security Administration,1,Government,1,Government - United States,1000016,U.S. Government - Department of Energy,3,Governance,152,"Conflict, Peace, and Security",1520010,Disarmament of Weapons of Mass Destruction (WMD),1,Peace and Security,2,Combating Weapons of Mass Destruction (WMD),89x0309,"Department of Energy, Defense Nuclear Nonproliferation",13,Department of Energy,DOE,1,Economic,3,Project-Type,30161,23,"Department of Energy, International Nuclear Materials Protection & Cooperation",Second Line of Defense Megaports.  Radiation detection equipment to key international seaports.,NULL,NULL,NULL,2,Obligations,2009,,2257052,3263599,8,Project-type interventions - not Investment Related,,407
724,ESP,Spain,2,Europe and Eurasia,4,High Income Country,HIC,13,DOE,Department of Energy,36,NNSA,National Nuclear Security Administration,1,Government,1,Government - United States,1000016,U.S. Government - Department of Energy,3,Governance,152,"Conflict, Peace, and Security",1520010,Disarmament of Weapons of Mass Destruction (WMD),1,Peace and Security,2,Combating Weapons of Mass Destruction (WMD),89x0309,"Department of Energy, Defense Nuclear Nonproliferation",13,Department of Energy,DOE,1,Economic,3,Project-Type,30161,23,"Department of Energy, International Nuclear Materials Protection & Cooperation",Second Line of Defense Megaports.  Radiation detection equipment to key international seaports.,NULL,NULL,NULL,3,Disbursements,2009,,1361140,1968149,8,Project-type interventions - not Investment Related,,407
724,ESP,Spain,2,Europe and Eurasia,4,High Income Country,HIC,13,DOE,Department of Energy,36,NNSA,National Nuclear Security Administration,1,Government,1,Government - United States,1000016,U.S. Government - Department of Energy,3,Governance,152,"Conflict, Peace, and Security",1520010,Disarmament of Weapons of Mass Destruction (WMD),1,Peace and Security,2,Combating Weapons of Mass Destruction (WMD),89x0309,"Department of Energy, Defense Nuclear Nonproliferation",13,Department of Energy,DOE,1,Economic,3,Project-Type,30162,23,"Department of Energy, International Nuclear Materials Protection & Cooperation",Second Line of Defense Megaports.  Radiation detection equipment to key international seaports.,NN5005040,2010-10-01,2012-09-30,2,Obligations,2010,,15960580,22880153,8,Project-type interventions - not Investment Related,,408
724,ESP,Spain,2,Europe and Eurasia,4,High Income Country,HIC,13,DOE,Department of Energy,36,NNSA,National Nuclear Security Administration,1,Government,1,Government - United States,1000016,U.S. Government - Department of Energy,3,Governance,152,"Conflict, Peace, and Security",1520010,Disarmament of Weapons of Mass Destruction (WMD),1,Peace and Security,2,Combating Weapons of Mass Destruction (WMD),89x0309,"Department of Energy, Defense Nuclear Nonproliferation",13,Department of Energy,DOE,1,Economic,3,Project-Type,30162,23,"Department of Energy, International Nuclear Materials Protection & Cooperation",Second Line of Defense Megaports.  Radiation detection equipment to key international seaports.,NN5005040,2010-10-01,2012-09-30,3,Disbursements,2010,,6708972,9617590,8,Project-type interventions - not Investment Related,,408
724,ESP,Spain,2,Europe and Eurasia,4,High Income Country,HIC,13,DOE,Department of Energy,36,NNSA,National Nuclear Security Administration,1,Government,1,Government - United States,1000016,U.S. Government - Department of Energy,3,Governance,152,"Conflict, Peace, and Security",1520010,Disarmament of Weapons of Mass Destruction (WMD),1,Peace and Security,2,Combating Weapons of Mass Destruction (WMD),89x0309,"Department of Energy, Defense Nuclear Nonproliferation",13,Department of Energy,DOE,1,Economic,3,Project-Type,30165,23,"Department of Energy, International Nuclear Materials Protection, Control & Accounting (MPC&A) (formerly International Nuclear Materials Protection & Cooperation)","Protect Int. Material; Deter, detect, & interdict illicit trafficking in nuclear/radioactive materials.",NN5000,2012-01-01,2014-09-30,2,Obligations,2012,,1209573,1669558,8,Project-type interventions - not Investment Related,,411
724,ESP,Spain,2,Europe and Eurasia,4,High Income Country,HIC,13,DOE,Department of Energy,36,NNSA,National Nuclear Security Administration,1,Government,1,Government - United States,1000016,U.S. Government - Department of Energy,3,Governance,152,"Conflict, Peace, and Security",1520010,Disarmament of Weapons of Mass Destruction (WMD),1,Peace and Security,2,Combating Weapons of Mass Destruction (WMD),89x0309,"Department of Energy, Defense Nuclear Nonproliferation",13,Department of Energy,DOE,1,Economic,3,Project-Type,30165,23,"Department of Energy, International Nuclear Materials Protection, Control & Accounting (MPC&A) (formerly International Nuclear Materials Protection & Cooperation)","Protect Int. Material; Deter, detect, & interdict illicit trafficking in nuclear/radioactive materials.",NN5000,2012-01-01,2014-09-30,3,Disbursements,2012,,2023413,2792892,8,Project-type interventions - not Investment Related,,411
724,ESP,Spain,2,Europe and Eurasia,4,High Income Country,HIC,13,DOE,Department of Energy,36,NNSA,National Nuclear Security Administration,1,Government,1,Government - United States,1000016,U.S. Government - Department of Energy,3,Governance,152,"Conflict, Peace, and Security",1520010,Disarmament of Weapons of Mass Destruction (WMD),1,Peace and Security,2,Combating Weapons of Mass Destruction (WMD),89x0309,"Department of Energy, Defense Nuclear Nonproliferation",13,Department of Energy,DOE,1,Economic,3,Project-Type,30274,23,"Department of Energy, International Nuclear Materials Protection, Control & Accounting (MPC&A) (formerly International Nuclear Materials Protection & Cooperation)","Protect International Material; Deter, detect and interdict illicit trafficking in nuclear/radioactive materials.",NN5050,2012-10-01,2012-12-31,2,Obligations,2013,01OCT2012,659751,894417,8,Project-type interventions - not Investment Related,,520
724,ESP,Spain,2,Europe and Eurasia,4,High Income Country,HIC,13,DOE,Department of Energy,36,NNSA,National Nuclear Security Administration,1,Government,1,Government - United States,1000016,U.S. Government - Department of Energy,3,Governance,152,"Conflict, Peace, and Security",1520010,Disarmament of Weapons of Mass Destruction (WMD),1,Peace and Security,2,Combating Weapons of Mass Destruction (WMD),89x0309,"Department of Energy, Defense Nuclear Nonproliferation",13,Department of Energy,DOE,1,Economic,3,Project-Type,30274,23,"Department of Energy, International Nuclear Materials Protection, Control & Accounting (MPC&A) (formerly International Nuclear Materials Protection & Cooperation)","Protect International Material; Deter, detect and interdict illicit trafficking in nuclear/radioactive materials.",NN5050,2012-10-01,2012-12-31,3,Disbursements,2013,31DEC2012,109435,148359,8,Project-type interventions - not Investment Related,,520
724,ESP,Spain,2,Europe and Eurasia,4,High Income Country,HIC,13,DOE,Department of Energy,36,NNSA,National Nuclear Security Administration,1,Government,1,Government - United States,1000016,U.S. Government - Department of Energy,3,Governance,152,"Conflict, Peace, and Security",1520010,Disarmament of Weapons of Mass Destruction (WMD),1,Peace and Security,2,Combating Weapons of Mass Destruction (WMD),89x0309,"Department of Energy, Defense Nuclear Nonproliferation",13,Department of Energy,DOE,1,Economic,3,Project-Type,30590,23,"Department of Energy, Nonproliferation and International Security",Analysis of Strategic Commodity Transfer.,NA,2007-10-01,2015-11-15,2,Obligations,2012,,43000,59352,8,Project-type interventions - not Investment Related,,836
724,ESP,Spain,2,Europe and Eurasia,4,High Income Country,HIC,13,DOE,Department of Energy,36,NNSA,National Nuclear Security Administration,1,Government,1,Government - United States,1000016,U.S. Government - Department of Energy,3,Governance,152,"Conflict, Peace, and Security",1520010,Disarmament of Weapons of Mass Destruction (WMD),1,Peace and Security,2,Combating Weapons of Mass Destruction (WMD),89x0309,"Department of Energy, Defense Nuclear Nonproliferation",13,Department of Energy,DOE,1,Economic,3,Project-Type,30590,23,"Department of Energy, Nonproliferation and International Security",Analysis of Strategic Commodity Transfer.,NA,2007-10-01,2015-11-15,3,Disbursements,2012,,38270,52824,8,Project-type interventions - not Investment Related,,836
724,ESP,Spain,2,Europe and Eurasia,4,High Income Country,HIC,13,DOE,Department of Energy,36,NNSA,National Nuclear Security Administration,1,Government,1,Government - United States,1000016,U.S. Government - Department of Energy,3,Governance,152,"Conflict, Peace, and Security",1520010,Disarmament of Weapons of Mass Destruction (WMD),1,Peace and Security,2,Combating Weapons of Mass Destruction (WMD),89x0309,"Department of Energy, Defense Nuclear Nonproliferation",13,Department of Energy,DOE,1,Economic,3,Project-Type,30659,23,"Department of Energy, Nonproliferation and International Security",Lab Lead Funds. Program Management and Event Participation - IAEA Methodologies Course.,NA,2007-10-01,2015-11-15,2,Obligations,2012,,23000,31747,8,Project-type interventions - not Investment Related,,905
724,ESP,Spain,2,Europe and Eurasia,4,High Income Country,HIC,13,DOE,Department of Energy,36,NNSA,National Nuclear Security Administration,1,Government,1,Government - United States,1000016,U.S. Government - Department of Energy,3,Governance,152,"Conflict, Peace, and Security",1520010,Disarmament of Weapons of Mass Destruction (WMD),1,Peace and Security,2,Combating Weapons of Mass Destruction (WMD),89x0309,"Department of Energy, Defense Nuclear Nonproliferation",13,Department of Energy,DOE,1,Economic,3,Project-Type,30659,23,"Department of Energy, Nonproliferation and International Security",Lab Lead Funds. Program Management and Event Participation - IAEA Methodologies Course.,NA,2007-10-01,2015-11-15,3,Disbursements,2012,,23000,31747,8,Project-type interventions - not Investment Related,,905
724,ESP,Spain,2,Europe and Eurasia,4,High Income Country,HIC,13,DOE,Department of Energy,36,NNSA,National Nuclear Security Administration,1,Government,1,Government - United States,1000016,U.S. Government - Department of Energy,4,Infrastructure,230,Energy,23510,Nuclear energy electric power plants and nuclear safety,5,Economic Development,28,Infrastructure,89x0309,"Department of Energy, Defense Nuclear Nonproliferation",13,Department of Energy,DOE,1,Economic,3,Project-Type,29865,23,"Department of Energy, Cooperation with scientists on the safe handling and use nuclear materials for civilian projects","Department of Energy, Cooperation with scientists on the safe handling and use nuclear materials for civilian projects",NULL,NULL,NULL,2,Obligations,2007,,1600000,2385711,8,Project-type interventions - not Investment Related,,111
724,ESP,Spain,2,Europe and Eurasia,4,High Income Country,HIC,13,DOE,Department of Energy,36,NNSA,National Nuclear Security Administration,1,Government,1,Government - United States,1000016,U.S. Government - Department of Energy,4,Infrastructure,230,Energy,23510,Nuclear energy electric power plants and nuclear safety,5,Economic Development,28,Infrastructure,89x0309,"Department of Energy, Defense Nuclear Nonproliferation",13,Department of Energy,DOE,1,Economic,3,Project-Type,29865,23,"Department of Energy, Cooperation with scientists on the safe handling and use nuclear materials for civilian projects","Department of Energy, Cooperation with scientists on the safe handling and use nuclear materials for civilian projects",NULL,NULL,NULL,3,Disbursements,2007,,2400000,3578566,8,Project-type interventions - not Investment Related,,111
724,ESP,Spain,2,Europe and Eurasia,4,High Income Country,HIC,13,DOE,Department of Energy,36,NNSA,National Nuclear Security Administration,1,Government,1,Government - United States,1000016,U.S. Government - Department of Energy,4,Infrastructure,230,Energy,23510,Nuclear energy electric power plants and nuclear safety,5,Economic Development,28,Infrastructure,89x0309,"Department of Energy, Defense Nuclear Nonproliferation",13,Department of Energy,DOE,1,Economic,3,Project-Type,30164,23,"Department of Energy, International Nuclear Materials Protection, Control & Accounting (MPC&A) (formerly International Nuclear Materials Protection & Cooperation)","Department of Energy, International Nuclear Materials Protection, Control & Accounting (MPC&A) (formerly International Nuclear Materials Protection & Cooperation).",NULL,NULL,NULL,2,Obligations,2007,,800000,1192855,8,Project-type interventions - not Investment Related,,410
724,ESP,Spain,2,Europe and Eurasia,4,High Income Country,HIC,13,DOE,Department of Energy,36,NNSA,National Nuclear Security Administration,1,Government,1,Government - United States,1000016,U.S. Government - Department of Energy,4,Infrastructure,230,Energy,23510,Nuclear energy electric power plants and nuclear safety,5,Economic Development,28,Infrastructure,89x0309,"Department of Energy, Defense Nuclear Nonproliferation",13,Department of Energy,DOE,1,Economic,3,Project-Type,30164,23,"Department of Energy, International Nuclear Materials Protection, Control & Accounting (MPC&A) (formerly International Nuclear Materials Protection & Cooperation)","Department of Energy, International Nuclear Materials Protection, Control & Accounting (MPC&A) (formerly International Nuclear Materials Protection & Cooperation).",NULL,NULL,NULL,3,Disbursements,2007,,1200000,1789283,8,Project-type interventions - not Investment Related,,410
724,ESP,Spain,2,Europe and Eurasia,4,High Income Country,HIC,14,DHS,Department of Homeland Security,140,ICE,U.S. Immigration and Customs Enforcement,1,Government,1,Government - United States,1000013,U.S. Government - Department of Homeland Security,3,Governance,151,Government and Civil Society,15130,Legal and judicial development,2,"Democracy, Human Rights, and Governance",7,Rule of Law and Human Rights,70x0540,"Department of Homeland Security, U.S. Immigration and Customs Enforcement, Salaries and Expenses",14,Department of Homeland Security,DHS,1,Economic,4,Technical Assistance,6374,5,DHS Immigration and Customs Enforcement - Vetted Activities,DHS Immigration and Customs Enforcement - Vetted Activities,NULL,2013-10-01,2018-09-30,2,Obligations,2017,01OCT2016,14750,18963,13,Technical Cooperation - Other,,224
724,ESP,Spain,2,Europe and Eurasia,4,High Income Country,HIC,14,DHS,Department of Homeland Security,140,ICE,U.S. Immigration and Customs Enforcement,1,Government,1,Government - United States,1000013,U.S. Government - Department of Homeland Security,3,Governance,151,Government and Civil Society,15130,Legal and judicial development,2,"Democracy, Human Rights, and Governance",7,Rule of Law and Human Rights,70x0540,"Department of Homeland Security, U.S. Immigration and Customs Enforcement, Salaries and Expenses",14,Department of Homeland Security,DHS,1,Economic,4,Technical Assistance,6374,5,DHS Immigration and Customs Enforcement - Vetted Activities,DHS Immigration and Customs Enforcement - Vetted Activities,NULL,2013-10-01,2018-09-30,3,Disbursements,2017,01OCT2016,14750,18963,13,Technical Cooperation - Other,,224
724,ESP,Spain,2,Europe and Eurasia,4,High Income Country,HIC,15,DOT,Department of Transportation,33,FAA,Federal Aviation Administration,1,Government,1,Government - United States,1000017,U.S. Government - Department of Transportation,4,Infrastructure,210,Transport and Storage,21050,Air transport,5,Economic Development,28,Infrastructure,69x1301,"Federal Aviation Administration, Operations",15,Department of Transportation,DOT,1,Economic,4,Technical Assistance,36410,26,Technical Assistance/Training,Technical Assistance/Training in order to increase the safety and capacity of the global aerospace system in an environmentally sound manner.,NULL,NULL,NULL,2,Obligations,2007,,1649,2459,13,Technical Cooperation - Other,,138
724,ESP,Spain,2,Europe and Eurasia,4,High Income Country,HIC,15,DOT,Department of Transportation,33,FAA,Federal Aviation Administration,1,Government,1,Government - United States,1000017,U.S. Government - Department of Transportation,4,Infrastructure,210,Transport and Storage,21081,Education and training in transport and storage,5,Economic Development,28,Infrastructure,69x1301,"Federal Aviation Administration, Operations",15,Department of Transportation,DOT,1,Economic,4,Technical Assistance,36560,26,AME Refresher Seminar,Waived costs for training,NV4195ES8,NULL,2024-08-11,2,Obligations,2024,11AUG2024,150,154,11,Technical Cooperation - Donor country personnel,150,288
724,ESP,Spain,2,Europe and Eurasia,4,High Income Country,HIC,15,DOT,Department of Transportation,33,FAA,Federal Aviation Administration,1,Government,1,Government - United States,1000017,U.S. Government - Department of Transportation,4,Infrastructure,210,Transport and Storage,21081,Education and training in transport and storage,5,Economic Development,28,Infrastructure,69x1301,"Federal Aviation Administration, Operations",15,Department of Transportation,DOT,1,Economic,4,Technical Assistance,36560,26,AME Refresher Seminar,Waived costs for training,NV4195ES8,NULL,2024-08-11,3,Disbursements,2024,11AUG2024,150,154,11,Technical Cooperation - Donor country personnel,150,288
724,ESP,Spain,2,Europe and Eurasia,4,High Income Country,HIC,15,DOT,Department of Transportation,33,FAA,Federal Aviation Administration,1,Government,1,Government - United States,1000017,U.S. Government - Department of Transportation,4,Infrastructure,210,Transport and Storage,21081,Education and training in transport and storage,5,Economic Development,28,Infrastructure,69x1301,"Federal Aviation Administration, Operations",15,Department of Transportation,DOT,1,Economic,4,Technical Assistance,36609,26,AME Refresher Seminar,Waived costs for training,NV5091ES8,NULL,2025-05-18,2,Obligations,2025,16MAY2025,150,150,11,Technical Cooperation - Donor country personnel,150,337
724,ESP,Spain,2,Europe and Eurasia,4,High Income Country,HIC,15,DOT,Department of Transportation,33,FAA,Federal Aviation Administration,1,Government,1,Government - United States,1000017,U.S. Government - Department of Transportation,4,Infrastructure,210,Transport and Storage,21081,Education and training in transport and storage,5,Economic Development,28,Infrastructure,69x1301,"Federal Aviation Administration, Operations",15,Department of Transportation,DOT,1,Economic,4,Technical Assistance,36609,26,AME Refresher Seminar,Waived costs for training,NV5091ES8,NULL,2025-05-18,3,Disbursements,2025,16MAY2025,150,150,11,Technical Cooperation - Donor country personnel,150,337
724,ESP,Spain,2,Europe and Eurasia,4,High Income Country,HIC,15,DOT,Department of Transportation,33,FAA,Federal Aviation Administration,1,Government,1,Government - United States,1000017,U.S. Government - Department of Transportation,4,Infrastructure,210,Transport and Storage,21081,Education and training in transport and storage,5,Economic Development,28,Infrastructure,69x1301,"Federal Aviation Administration, Operations",15,Department of Transportation,DOT,1,Economic,4,Technical Assistance,36714,26,Aviation Medical Examiner (AME) Refresher Seminar,Waived costs for training,NV4126ES8,NULL,2024-04-14,2,Obligations,2024,10APR2024,150,154,11,Technical Cooperation - Donor country personnel,150,442
724,ESP,Spain,2,Europe and Eurasia,4,High Income Country,HIC,15,DOT,Department of Transportation,33,FAA,Federal Aviation Administration,1,Government,1,Government - United States,1000017,U.S. Government - Department of Transportation,4,Infrastructure,210,Transport and Storage,21081,Education and training in transport and storage,5,Economic Development,28,Infrastructure,69x1301,"Federal Aviation Administration, Operations",15,Department of Transportation,DOT,1,Economic,4,Technical Assistance,36714,26,Aviation Medical Examiner (AME) Refresher Seminar,Waived costs for training,NV4126ES8,NULL,2024-04-14,3,Disbursements,2024,10APR2024,150,154,11,Technical Cooperation - Donor country personnel,150,442
724,ESP,Spain,2,Europe and Eurasia,4,High Income Country,HIC,15,DOT,Department of Transportation,33,FAA,Federal Aviation Administration,1,Government,1,Government - United States,1000017,U.S. Government - Department of Transportation,4,Infrastructure,210,Transport and Storage,21081,Education and training in transport and storage,5,Economic Development,28,Infrastructure,69x1301,"Federal Aviation Administration, Operations",15,Department of Transportation,DOT,1,Economic,4,Technical Assistance,36970,26,Recurrent Aircraft Seminar,Provide training to foreign participants,NV5121ES8,NULL,2025-08-15,2,Obligations,2025,12AUG2025,360,360,11,Technical Cooperation - Donor country personnel,360,698
724,ESP,Spain,2,Europe and Eurasia,4,High Income Country,HIC,15,DOT,Department of Transportation,33,FAA,Federal Aviation Administration,1,Government,1,Government - United States,1000017,U.S. Government - Department of Transportation,4,Infrastructure,210,Transport and Storage,21081,Education and training in transport and storage,5,Economic Development,28,Infrastructure,69x1301,"Federal Aviation Administration, Operations",15,Department of Transportation,DOT,1,Economic,4,Technical Assistance,36970,26,Recurrent Aircraft Seminar,Provide training to foreign participants,NV5121ES8,NULL,2025-08-15,3,Disbursements,2025,12AUG2025,360,360,11,Technical Cooperation - Donor country personnel,360,698
724,ESP,Spain,2,Europe and Eurasia,4,High Income Country,HIC,32,AF,Department of the Air Force,999,NULL,not applicable,1,Government,1,Government - United States,1000053,U.S. Government - Department of the Air Force,3,Governance,152,"Conflict, Peace, and Security",15210,Security system management and reform,1,Peace and Security,45,Peace and Security - General,57x3400,"Department of the Air Force, Operations and Maintenance",32,Department of the Air Force,AF,2,Military,4,Technical Assistance,296231,120,Inter-European Combat Search and Rescue Course - Spain,"This one week course, conducted at the Tactical Leadership Programme in Albacete, Spain, establishes foundational knowledge and understanding of CSAR Doctrine as well as Tactics, Techniques, and Procedures for junior aircrew, CAOC, SOF and Intel personnel. It aims to provide broad, generalized awareness of Combined Air Operations Combat Search and Rescue operations to tactical operators to enable them to more readily integrate into future combined air operations and exercises. The course provides a brief overview of CSAR doctrine, architecture, and the roles of key CSAR players with special emphasis on planning and execution considerations of CSAR in a combined air operations environment.",NULL,2017-10-01,2018-09-30,2,Obligations,2018,,17500,22009,13,Technical Cooperation - Other,,14
724,ESP,Spain,2,Europe and Eurasia,4,High Income Country,HIC,32,AF,Department of the Air Force,999,NULL,not applicable,1,Government,1,Government - United States,1000053,U.S. Government - Department of the Air Force,3,Governance,152,"Conflict, Peace, and Security",15210,Security system management and reform,1,Peace and Security,45,Peace and Security - General,57x3400,"Department of the Air Force, Operations and Maintenance",32,Department of the Air Force,AF,2,Military,4,Technical Assistance,296231,120,Inter-European Combat Search and Rescue Course - Spain,"This one week course, conducted at the Tactical Leadership Programme in Albacete, Spain, establishes foundational knowledge and understanding of CSAR Doctrine as well as Tactics, Techniques, and Procedures for junior aircrew, CAOC, SOF and Intel personnel. It aims to provide broad, generalized awareness of Combined Air Operations Combat Search and Rescue operations to tactical operators to enable them to more readily integrate into future combined air operations and exercises. The course provides a brief overview of CSAR doctrine, architecture, and the roles of key CSAR players with special emphasis on planning and execution considerations of CSAR in a combined air operations environment.",NULL,2017-10-01,2018-09-30,3,Disbursements,2018,,17500,22009,13,Technical Cooperation - Other,,14
724,ESP,Spain,2,Europe and Eurasia,4,High Income Country,HIC,99,NULL,Unknown - Historical Greenbook,999,NULL,not applicable,1,Government,1,Government - United States,1999999,U.S. Government - Other,7,Other,430,Other Multisector,43010,Multisector aid,5,Economic Development,25,Macroeconomic Foundation for Growth,0xH099,INACTIVE - Binational Center Loans,99,Unknown - Historical Greenbook,NULL,1,Economic,3,Project-Type,6,1,Binational Center Loans,Binational Center Loans,NULL,NULL,NULL,2,Obligations,1981,,300000,908765,8,Project-type interventions - not Investment Related,,6
